id,mask,bg,cso,age,sex,hyp,wmh,isl,lac,bld,bg_derivative,cso_derivative
MSS3_ED_080,y,1.0,2.0,68.775,F,0.0,5340.146484375,1.0,0.0,0.0,1.0,2.0
LBC361050,y,1.0,2.0,74.08493150684932,M,1.0,23300.0,1.0,N/A,N/A,1.0,2.0
LBC361006,y,1.0,3.0,73.59726027397261,F,0.0,422.0,0.0,N/A,N/A,1.0,3.0
MSSB206,y,1.0,1.0,81.23477070499658,F,1.0,26808.676743507385,1.0,0.0,0.0,1.0,1.0
LBC360036,y,1.0,2.0,71.97260273972603,M,0.0,8545.0,1.0,N/A,N/A,1.0,2.0
LBC360572,n,1.0,1.0,72.43287671232876,F,0.0,31911.0,0.0,N/A,N/A,1.0,1.0
LBC360505,y,1.0,2.0,72.4,F,0.0,4368.0,0.0,N/A,N/A,1.0,2.0
LBC360348,n,2.0,2.0,72.16712328767123,M,1.0,15338.0,0.0,N/A,0.0,2.0,2.0
MSSB315,y,3.0,4.0,68.01916495550994,F,1.0,N/A,N/A,0.0,0.0,3.0,3.0
LBC360244,y,1.0,3.0,71.72602739726027,F,1.0,11490.0,0.0,N/A,N/A,1.0,3.0
MSS3_ED_081,y,1.0,2.0,70.995,M,0.0,2348.525390625,1.0,0.0,0.0,1.0,2.0
LBC360251,y,2.0,1.0,72.36712328767123,M,0.0,597.0,0.0,N/A,N/A,2.0,1.0
LBC360796,y,1.0,2.0,73.25479452054795,F,1.0,10965.0,0.0,N/A,N/A,1.0,2.0
MSSB328,y,2.0,2.0,62.38466803559205,M,1.0,30997.792937994003,1.0,0.0,0.0,2.0,2.0
MSS3_ED_198,y,1.0,1.0,70.166,F,1.0,12327.1875,1.0,0.0,0.0,1.0,1.0
MSSB094,y,1.0,1.0,72.20260095824779,F,1.0,4993.817107200623,1.0,0.0,0.0,1.0,1.0
LBC361062,n,1.0,1.0,73.93698630136986,F,1.0,5159.0,0.0,N/A,N/A,1.0,1.0
MSSB044,y,4.0,4.0,82.8309377138946,F,0.0,N/A,0.0,1.0,0.0,3.0,3.0
MSSA081,n,3.0,2.0,80.0,M,1.0,20411.71875,0.0,N/A,0.0,3.0,2.0
MSS3_ED_197,y,1.0,1.0,54.108,M,1.0,1529.82421875,0.0,0.0,0.0,1.0,1.0
LBC360004,y,1.0,2.0,71.35890410958905,F,1.0,1293.0,0.0,N/A,N/A,1.0,2.0
LBC360603,y,2.0,1.0,72.6109589041096,F,1.0,960.0,0.0,N/A,0.0,2.0,1.0
MSS3_ED_063,y,3.0,4.0,68.287,M,1.0,2007.59765625,1.0,1.0,0.0,3.0,3.0
MSS3_ED_057,y,2.0,3.0,75.581,F,1.0,24716.865234375,1.0,1.0,0.0,2.0,3.0
MSSB282,y,1.0,0.0,51.22245037645447,M,0.0,8840.487988829613,1.0,0.0,0.0,1.0,1.0
MSS3_ED_194,y,2.0,3.0,73.027,F,1.0,70660.634765625,1.0,1.0,1.0,2.0,3.0
LBC360240,y,1.0,2.0,71.76712328767124,M,0.0,5521.0,0.0,N/A,0.0,1.0,2.0
MSSB129,y,2.0,3.0,77.24572210814513,F,1.0,32855.39808654785,1.0,0.0,0.0,2.0,3.0
LBC360370,n,1.0,2.0,72.14794520547945,M,0.0,3468.0,1.0,N/A,N/A,1.0,2.0
MSSA162,n,4.0,2.0,64.0,M,1.0,36928.125,1.0,N/A,0.0,3.0,2.0
MSSB076,y,2.0,3.0,60.57494866529774,M,0.0,N/A,N/A,0.0,0.0,2.0,3.0
MSS3_ED_161,y,1.0,2.0,54.5,M,1.0,3662.40234375,0.0,0.0,0.0,1.0,2.0
MSS3_ED_046,y,2.0,2.0,65.076,F,1.0,8490.805864691734,1.0,0.0,0.0,2.0,2.0
MSSB083,y,3.0,3.0,68.44626967830251,M,1.0,46873.580453038216,1.0,1.0,0.0,3.0,3.0
MSSB067,y,2.0,1.0,63.9835728952772,M,0.0,N/A,1.0,1.0,0.0,2.0,1.0
MSSB143,y,2.0,2.0,85.18275154004107,F,1.0,N/A,N/A,0.0,1.0,2.0,2.0
LBC361221,y,3.0,2.0,73.51780821917808,F,0.0,15594.0,0.0,N/A,N/A,3.0,2.0
LBC360720,y,1.0,2.0,73.40273972602739,F,0.0,4312.0,0.0,N/A,N/A,1.0,2.0
MSSB184,y,4.0,4.0,68.15605749486654,M,0.0,65468.29460167885,1.0,1.0,1.0,3.0,3.0
LBC360609,y,2.0,3.0,72.47671232876712,F,1.0,2546.0,0.0,N/A,N/A,2.0,3.0
LBC361019,y,1.0,2.0,73.00821917808219,F,0.0,1509.0,0.0,N/A,N/A,1.0,2.0
LBC361137,y,2.0,3.0,73.58904109589041,M,1.0,8510.0,0.0,N/A,0.0,2.0,3.0
MSSB051,y,1.0,3.0,77.50581793292265,F,0.0,N/A,1.0,0.0,0.0,1.0,3.0
LBC361060,n,3.0,2.0,73.21643835616439,F,1.0,9212.0,1.0,N/A,N/A,3.0,2.0
LBC360488,y,1.0,1.0,71.83561643835617,F,0.0,3755.0,0.0,N/A,N/A,1.0,1.0
MSS3_ED_069,y,4.0,4.0,58.853,F,1.0,92787.71484375,1.0,1.0,1.0,3.0,3.0
LBC361231,y,2.0,2.0,73.8,M,0.0,5247.0,0.0,N/A,N/A,2.0,2.0
LBC360205,n,1.0,2.0,72.28767123287672,M,1.0,3210.0,0.0,N/A,N/A,1.0,2.0
MSSB121,y,2.0,4.0,73.91101984941822,M,1.0,N/A,N/A,0.0,1.0,2.0,3.0
MSSB019,y,2.0,2.0,54.647501711156735,M,1.0,N/A,0.0,0.0,0.0,2.0,2.0
LBC360469,n,1.0,2.0,72.22465753424657,F,1.0,4319.0,0.0,N/A,N/A,1.0,2.0
LBC360079,y,1.0,2.0,71.15068493150685,F,0.0,598.0,0.0,N/A,N/A,1.0,2.0
MSS3_ED_138,y,3.0,3.0,56.12,F,0.0,10962.685546875,1.0,1.0,0.0,3.0,3.0
LBC360618,y,1.0,3.0,72.76438356164384,F,0.0,1098.0,0.0,N/A,N/A,1.0,3.0
MSS3_ED_150,y,1.0,1.0,74.07,F,1.0,1666.669921875,1.0,0.0,0.0,1.0,1.0
MSSB059,y,1.0,2.0,61.68377823408625,M,1.0,N/A,N/A,0.0,0.0,1.0,2.0
LBC360483,n,1.0,2.0,72.38630136986302,M,0.0,866.0,0.0,N/A,N/A,1.0,2.0
MSSA091,n,1.0,1.0,54.0,F,1.0,2478.5341143608093,N/A,N/A,N/A,1.0,1.0
LBC360845,y,3.0,3.0,73.08219178082192,F,1.0,41863.0,1.0,N/A,N/A,3.0,3.0
LBC360799,n,2.0,3.0,72.61917808219178,F,0.0,53923.0,0.0,N/A,N/A,2.0,3.0
MSSB258,y,2.0,1.0,50.94592744695415,M,1.0,8387.3394241333,1.0,0.0,0.0,2.0,1.0
MSSB158,y,2.0,2.0,61.3908281998631,M,0.0,N/A,1.0,1.0,1.0,2.0,2.0
MSS3_ED_113,y,2.0,2.0,57.202,M,1.0,41226.943359375,1.0,1.0,1.0,2.0,2.0
LBC360106,n,1.0,2.0,72.06575342465753,M,1.0,158.0,0.0,N/A,N/A,1.0,2.0
MSSB105,y,3.0,4.0,70.86652977412732,M,1.0,17482.098881721497,1.0,1.0,1.0,3.0,3.0
MSS3_ED_014,y,1.0,1.0,40.348,M,0.0,2335.852595448494,1.0,0.0,0.0,1.0,1.0
LBC360152,y,2.0,3.0,71.93698630136986,F,1.0,15232.0,0.0,N/A,N/A,2.0,3.0
LBC361068,n,1.0,1.0,73.41917808219178,F,0.0,2307.0,0.0,N/A,N/A,1.0,1.0
MSSA226,n,4.0,4.0,58.0,M,0.0,118785.9375,1.0,N/A,N/A,3.0,3.0
LBC361143,n,1.0,2.0,73.30684931506849,M,0.0,12211.0,1.0,N/A,N/A,1.0,2.0
MSSB043,y,1.0,2.0,78.17932922655716,F,0.0,N/A,N/A,0.0,0.0,1.0,2.0
MSSB228,y,1.0,1.0,75.1540041067762,F,1.0,1174.0480470657349,1.0,0.0,0.0,1.0,1.0
LBC361229,y,1.0,2.0,73.46027397260274,F,0.0,35052.0,1.0,N/A,N/A,1.0,2.0
LBC361048,y,1.0,2.0,74.26849315068493,M,0.0,2177.0,0.0,N/A,N/A,1.0,2.0
MSSB293,y,1.0,1.0,60.52292950034224,M,0.0,7099.617656469345,1.0,0.0,0.0,1.0,1.0
LBC360925,n,2.0,2.0,73.5041095890411,M,0.0,10150.0,0.0,N/A,N/A,2.0,2.0
LBC360704,y,1.0,2.0,72.46301369863014,M,1.0,3272.0,0.0,N/A,N/A,1.0,2.0
LBC360736,y,1.0,3.0,72.61369863013698,F,1.0,1182.0,0.0,N/A,N/A,1.0,3.0
MSSB222,y,1.0,3.0,56.32306639288158,F,1.0,36878.56910133362,1.0,0.0,0.0,1.0,3.0
LBC360184,y,2.0,4.0,72.4958904109589,M,0.0,17718.0,0.0,N/A,N/A,2.0,3.0
MSSB259,y,2.0,1.0,85.95756331279946,M,1.0,N/A,N/A,0.0,0.0,2.0,1.0
MSS3_ED_079,y,1.0,4.0,69.358,F,1.0,5502.3046875,1.0,0.0,0.0,1.0,3.0
LBC360730,n,1.0,2.0,72.17260273972603,F,1.0,1091.0,0.0,N/A,N/A,1.0,2.0
LBC360667,y,2.0,2.0,72.43013698630136,M,1.0,4380.0,1.0,N/A,N/A,2.0,2.0
MSSB080,y,1.0,1.0,71.22792607802873,F,0.0,N/A,1.0,0.0,0.0,1.0,1.0
MSSB318,y,1.0,2.0,53.68377823408623,M,1.0,N/A,1.0,0.0,0.0,1.0,2.0
LBC361123,n,2.0,2.0,73.8958904109589,F,0.0,46166.0,0.0,N/A,N/A,2.0,2.0
MSSB311,y,1.0,1.0,88.24640657084191,F,1.0,N/A,1.0,1.0,0.0,1.0,1.0
MSSB029,y,2.0,2.0,66.14099931553729,F,1.0,N/A,1.0,0.0,0.0,2.0,2.0
MSSB249,y,2.0,2.0,48.91170431211499,F,1.0,29001.167753577232,1.0,0.0,0.0,2.0,2.0
MSSA136,n,3.0,2.0,75.0,F,1.0,9741.796875,1.0,N/A,0.0,3.0,2.0
LBC360008,y,1.0,2.0,71.5095890410959,M,1.0,7645.0,0.0,N/A,N/A,1.0,2.0
MSSB062,y,2.0,2.0,75.8767967145791,M,1.0,N/A,1.0,1.0,0.0,2.0,2.0
LBC361308,y,2.0,3.0,73.5068493150685,M,1.0,8672.0,0.0,N/A,0.0,2.0,3.0
LBC360613,n,2.0,2.0,72.97808219178083,M,0.0,36647.0,0.0,N/A,N/A,2.0,2.0
MSS3_ED_030,y,2.0,4.0,64.838,M,0.0,12262.325142741203,1.0,0.0,1.0,2.0,3.0
LBC360679,y,1.0,1.0,72.55616438356165,M,0.0,5104.0,0.0,N/A,N/A,1.0,1.0
MSS3_ED_054,y,2.0,1.0,85.457,F,1.0,29571.29915761948,1.0,1.0,1.0,2.0,1.0
LBC360646,y,1.0,2.0,72.51780821917808,M,0.0,994.0,0.0,N/A,N/A,1.0,2.0
LBC360812,n,2.0,3.0,73.15890410958905,F,0.0,30002.0,0.0,N/A,N/A,2.0,3.0
MSS3_ED_214,y,1.0,2.0,49.426,F,1.0,4325.2734375,1.0,0.0,0.0,1.0,2.0
LBC360187,y,2.0,3.0,72.15616438356165,M,0.0,36956.0,0.0,N/A,N/A,2.0,3.0
MSSB167,y,2.0,3.0,62.6338124572211,M,1.0,N/A,0.0,1.0,0.0,2.0,3.0
LBC360745,y,1.0,2.0,72.45753424657535,M,0.0,2194.0,0.0,N/A,N/A,1.0,2.0
MSSA062,n,0.0,0.0,76.0,M,1.0,25927.734375,1.0,N/A,N/A,1.0,1.0
LBC360150,y,2.0,3.0,73.57260273972602,F,1.0,28917.0,0.0,N/A,N/A,2.0,3.0
MSS3_ED_195,y,3.0,2.0,53.892,F,1.0,6995.7421875,1.0,1.0,0.0,3.0,2.0
MSSB319,y,4.0,2.0,80.5284052019165,F,1.0,N/A,N/A,0.0,1.0,3.0,2.0
LBC361294,y,2.0,2.0,73.63835616438357,M,0.0,6310.0,0.0,N/A,N/A,2.0,2.0
MSS3_ED_109,y,2.0,1.0,79.441,F,1.0,16835.9765625,1.0,0.0,0.0,2.0,1.0
LBC360086,y,1.0,2.0,71.92054794520548,M,0.0,9059.0,0.0,N/A,N/A,1.0,2.0
LBC360391,y,2.0,2.0,72.93698630136986,F,1.0,25221.0,0.0,N/A,0.0,2.0,2.0
LBC360136,y,1.0,2.0,72.35890410958905,F,0.0,3821.0,0.0,N/A,N/A,1.0,2.0
LBC361299,y,1.0,3.0,73.92054794520548,M,1.0,12185.0,0.0,N/A,N/A,1.0,3.0
LBC360309,y,1.0,2.0,71.7041095890411,F,0.0,15625.0,0.0,N/A,N/A,1.0,2.0
MSSB065,y,1.0,2.0,55.92334017796031,M,1.0,16671.42778646946,1.0,1.0,0.0,1.0,2.0
MSS3_ED_071,y,1.0,1.0,71.214,M,1.0,2171.337890625,1.0,1.0,0.0,1.0,1.0
MSSB016,y,1.0,2.0,55.31279945242984,M,1.0,N/A,1.0,1.0,0.0,1.0,2.0
LBC360066,y,1.0,3.0,72.11780821917809,M,0.0,0.0,0.0,N/A,N/A,1.0,3.0
LBC360104,y,1.0,2.0,71.3917808219178,M,0.0,744.0,0.0,N/A,N/A,1.0,2.0
LBC360465,y,1.0,3.0,71.94520547945206,F,1.0,0.0,0.0,N/A,N/A,1.0,3.0
LBC360673,y,1.0,2.0,72.4,F,0.0,10173.0,0.0,N/A,N/A,1.0,2.0
LBC361037,y,1.0,2.0,74.1041095890411,F,0.0,2648.0,0.0,N/A,N/A,1.0,2.0
LBC360076,y,1.0,1.0,71.6082191780822,F,0.0,1833.0,1.0,N/A,N/A,1.0,1.0
MSS3_ED_051,y,2.0,2.0,59.885,M,1.0,5835.2950040102005,1.0,1.0,0.0,2.0,2.0
LBC360905,n,1.0,1.0,73.13424657534246,F,0.0,2805.0,0.0,N/A,N/A,1.0,1.0
MSS3_ED_090,y,1.0,2.0,63.644,M,0.0,2123.0859375,1.0,0.0,0.0,1.0,2.0
MSS3_ED_088,y,3.0,2.0,55.343,M,1.0,17804.970703125,1.0,1.0,1.0,3.0,2.0
LBC361282,y,1.0,2.0,73.32328767123288,F,0.0,3345.0,0.0,N/A,N/A,1.0,2.0
LBC360045,y,1.0,1.0,71.9041095890411,F,0.0,488.0,0.0,N/A,N/A,1.0,1.0
MSSB148,y,1.0,2.0,62.7132101300479,M,1.0,N/A,N/A,0.0,0.0,1.0,2.0
LBC360512,y,1.0,2.0,71.97260273972603,M,0.0,3980.0,0.0,N/A,N/A,1.0,2.0
MSS3_ED_108,y,3.0,4.0,79.808,M,0.0,8203.623046875,1.0,1.0,0.0,3.0,3.0
LBC360423,y,3.0,4.0,72.3890410958904,M,1.0,47545.0,1.0,N/A,N/A,3.0,3.0
LBC361224,y,1.0,2.0,73.76986301369863,F,0.0,10101.0,1.0,N/A,N/A,1.0,2.0
MSS3_ED_033,y,3.0,4.0,67.072,M,1.0,6734.733419895172,1.0,1.0,1.0,3.0,3.0
LBC360974,y,1.0,2.0,73.79452054794521,F,0.0,8539.0,0.0,N/A,N/A,1.0,2.0
LBC361302,y,2.0,3.0,73.33972602739726,M,0.0,15980.0,0.0,N/A,N/A,2.0,3.0
MSSB108,y,2.0,2.0,76.37508555783711,F,1.0,31940.089290618896,1.0,0.0,0.0,2.0,2.0
MSSB027,y,1.0,1.0,63.0965092402464,M,0.0,N/A,0.0,1.0,0.0,1.0,1.0
MSSA107,n,3.0,2.0,81.0,M,1.0,32241.796875,1.0,N/A,1.0,3.0,2.0
LBC360330,y,1.0,2.0,72.59452054794521,M,1.0,2867.0,0.0,N/A,N/A,1.0,2.0
MSS3_ED_179,y,1.0,2.0,54.861,M,0.0,5165.33203125,1.0,0.0,0.0,1.0,2.0
MSSB178,y,3.0,3.0,82.68583162217661,F,0.0,N/A,0.0,0.0,1.0,3.0,3.0
LBC360188,n,2.0,3.0,72.26301369863013,M,0.0,70307.0,0.0,N/A,N/A,2.0,3.0
MSSB124,y,1.0,2.0,46.63928815879535,F,1.0,N/A,N/A,0.0,0.0,1.0,2.0
MSSB125,y,1.0,1.0,59.953456536618766,M,1.0,N/A,0.0,0.0,0.0,1.0,1.0
LBC360712,y,1.0,2.0,73.12876712328767,F,1.0,3212.0,0.0,N/A,N/A,1.0,2.0
LBC361155,y,1.0,1.0,73.57534246575342,F,0.0,13910.0,0.0,N/A,N/A,1.0,1.0
MSS3_ED_067,y,2.0,3.0,71.455,F,1.0,23908.447265625,1.0,0.0,1.0,2.0,3.0
MSS3_ED_058,y,2.0,2.0,64.022,F,1.0,4752.421875,1.0,1.0,0.0,2.0,2.0
MSSB018,y,3.0,3.0,70.52156057494868,M,1.0,N/A,0.0,0.0,0.0,3.0,3.0
MSSB201,y,2.0,3.0,66.03969883641342,M,1.0,N/A,N/A,1.0,0.0,2.0,3.0
MSS3_ED_182,y,3.0,3.0,72.205,M,1.0,7999.541015625,1.0,0.0,0.0,3.0,3.0
LBC360791,y,1.0,2.0,72.38630136986302,F,0.0,6447.0,0.0,N/A,N/A,1.0,2.0
MSSB139,y,0.0,1.0,49.22655715263519,M,1.0,N/A,1.0,0.0,0.0,1.0,1.0
MSSB269,y,1.0,1.0,46.97330595482547,F,0.0,853.9881360530853,1.0,0.0,0.0,1.0,1.0
LBC360661,y,2.0,1.0,72.26849315068493,F,0.0,13308.0,0.0,N/A,N/A,2.0,1.0
MSS3_ED_002,y,3.0,3.0,60.411,M,1.0,44422.68665242195,1.0,1.0,0.0,3.0,3.0
LBC360677,n,1.0,1.0,72.97808219178083,F,0.0,7736.0,0.0,N/A,N/A,1.0,1.0
LBC360623,n,1.0,2.0,72.97260273972603,F,1.0,4744.0,0.0,N/A,N/A,1.0,2.0
MSSA097,n,1.0,1.0,72.0,F,1.0,5828.90625,1.0,N/A,0.0,1.0,1.0
MSSA079,n,1.0,3.0,67.0,M,1.0,16621.875,1.0,N/A,N/A,1.0,3.0
LBC360611,y,2.0,2.0,72.63835616438357,F,0.0,3098.0,0.0,N/A,N/A,2.0,2.0
MSSB223,y,2.0,2.0,62.89938398357289,M,1.0,9595.797803878784,1.0,0.0,0.0,2.0,2.0
LBC360970,y,2.0,3.0,73.3945205479452,M,0.0,3487.0,1.0,N/A,N/A,2.0,3.0
LBC360990,y,2.0,2.0,72.88493150684931,M,0.0,7306.0,0.0,N/A,N/A,2.0,2.0
LBC360394,n,2.0,3.0,71.85753424657534,M,0.0,8155.0,0.0,N/A,N/A,2.0,3.0
LBC360411,y,1.0,1.0,72.59726027397261,M,1.0,0.0,0.0,N/A,N/A,1.0,1.0
MSSB092,y,2.0,2.0,75.97262149212867,F,0.0,49389.34396469593,1.0,0.0,0.0,2.0,2.0
MSSB236,y,2.0,3.0,72.5612594113621,M,1.0,37899.98411858082,1.0,0.0,0.0,2.0,3.0
LBC360772,y,1.0,3.0,72.88493150684931,M,1.0,3005.0,0.0,N/A,N/A,1.0,3.0
MSS3_ED_159,y,2.0,2.0,58.201,M,1.0,8399.00390625,1.0,1.0,0.0,2.0,2.0
LBC360510,y,1.0,3.0,72.94246575342466,F,0.0,7681.0,0.0,N/A,N/A,1.0,3.0
MSSB084,y,1.0,2.0,62.21218343600274,F,1.0,2398.946582794189,1.0,0.0,0.0,1.0,2.0
MSSB046,y,1.0,2.0,61.388090349076,F,0.0,N/A,N/A,0.0,0.0,1.0,2.0
MSSA140,n,1.0,2.0,56.0,M,1.0,16400.390625,N/A,N/A,N/A,1.0,2.0
LBC360895,y,3.0,3.0,73.2904109589041,M,1.0,34553.0,0.0,N/A,N/A,3.0,3.0
MSSA234,n,1.0,2.0,80.0,M,1.0,17898.046875,1.0,N/A,0.0,1.0,2.0
MSSB171,y,1.0,1.0,58.98699520876112,F,1.0,N/A,N/A,0.0,0.0,1.0,1.0
LBC360230,y,2.0,2.0,71.6082191780822,F,0.0,18907.0,0.0,N/A,N/A,2.0,2.0
MSSB026,y,1.0,1.0,53.66461327857632,M,0.0,N/A,1.0,0.0,1.0,1.0,1.0
MSSB218,y,2.0,3.0,75.08555783709791,F,0.0,44826.05486822128,1.0,0.0,0.0,2.0,3.0
LBC360717,y,2.0,3.0,72.75068493150685,F,1.0,5573.0,0.0,N/A,N/A,2.0,3.0
MSS3_ED_141,y,1.0,2.0,59.91,M,0.0,3127.67578125,1.0,0.0,0.0,1.0,2.0
MSSA075,n,1.0,1.0,68.0,M,1.0,47569.921875,1.0,N/A,0.0,1.0,1.0
MSSB082,y,2.0,3.0,67.62765229295,M,0.0,N/A,0.0,0.0,0.0,2.0,3.0
MSSA110,n,1.0,1.0,55.0,M,0.0,1121.484375,N/A,N/A,0.0,1.0,1.0
MSS3_ED_027,y,3.0,3.0,79.348,F,1.0,3346.7946749925613,1.0,1.0,0.0,3.0,3.0
LBC360555,y,1.0,2.0,72.16986301369863,M,0.0,1574.0,0.0,N/A,N/A,1.0,2.0
LBC360439,n,1.0,2.0,72.13150684931507,F,0.0,8897.0,0.0,N/A,N/A,1.0,2.0
LBC360696,y,1.0,1.0,72.6082191780822,F,0.0,1472.0,0.0,N/A,N/A,1.0,1.0
MSS3_ED_004,y,2.0,3.0,84.367,F,0.0,17679.184564948082,1.0,1.0,0.0,2.0,3.0
MSSB002,y,1.0,1.0,77.90280629705681,M,1.0,N/A,0.0,0.0,0.0,1.0,1.0
LBC360020,y,1.0,2.0,71.13698630136986,M,0.0,23325.0,0.0,N/A,N/A,1.0,2.0
LBC361061,y,2.0,3.0,72.92876712328767,F,0.0,4824.0,0.0,N/A,N/A,2.0,3.0
LBC361080,n,2.0,2.0,73.16438356164383,M,0.0,3811.0,0.0,N/A,0.0,2.0,2.0
LBC360225,y,1.0,3.0,71.92328767123287,M,1.0,3038.0,0.0,N/A,N/A,1.0,3.0
MSSB070,y,1.0,1.0,61.51403148528404,F,1.0,N/A,0.0,1.0,0.0,1.0,1.0
LBC360038,y,1.0,2.0,71.27945205479452,M,1.0,23576.0,0.0,N/A,N/A,1.0,2.0
LBC360702,y,1.0,2.0,72.51506849315068,M,0.0,16136.0,0.0,N/A,N/A,1.0,2.0
LBC361097,n,1.0,2.0,74.09041095890412,F,0.0,9630.0,0.0,N/A,N/A,1.0,2.0
MSSB229,y,3.0,1.0,50.59274469541408,M,0.0,10445.301100730896,1.0,1.0,0.0,3.0,1.0
LBC360052,y,1.0,2.0,71.28493150684932,F,0.0,2159.0,0.0,N/A,N/A,1.0,2.0
LBC361119,n,1.0,2.0,73.95890410958904,F,1.0,3079.0,1.0,N/A,N/A,1.0,2.0
MSSA227,n,1.0,1.0,54.0,M,0.0,36594.140625,1.0,N/A,N/A,1.0,1.0
MSS3_ED_164,y,1.0,2.0,59.376,M,1.0,5511.005859375,1.0,0.0,0.0,1.0,2.0
LBC361164,n,1.0,2.0,73.7068493150685,M,1.0,6851.0,0.0,N/A,N/A,1.0,2.0
MSSB323,y,3.0,1.0,56.68172484599591,F,1.0,12893.590081214905,1.0,1.0,1.0,3.0,1.0
LBC360807,y,2.0,3.0,72.51780821917808,F,1.0,32468.0,0.0,N/A,N/A,2.0,3.0
LBC361180,y,1.0,2.0,73.8,F,1.0,251.0,0.0,N/A,N/A,1.0,2.0
MSS3_ED_136,y,1.0,2.0,68.726,M,1.0,5169.287109375,0.0,0.0,0.0,1.0,2.0
MSS3_ED_037,y,3.0,2.0,55.502,M,1.0,13258.146954417229,1.0,1.0,0.0,3.0,2.0
MSSB219,y,1.0,1.0,49.65913757700205,F,0.0,5155.331094145775,1.0,0.0,0.0,1.0,1.0
LBC360312,n,2.0,2.0,72.68219178082192,M,0.0,16513.0,1.0,N/A,N/A,2.0,2.0
MSSA072,n,1.0,0.0,51.0,M,0.0,1863.28125,N/A,N/A,N/A,1.0,1.0
MSS3_ED_152,y,1.0,1.0,57.958,M,0.0,2818.388671875,1.0,0.0,0.0,1.0,1.0
MSS3_ED_089,y,3.0,2.0,76.438,F,1.0,9850.517578125,1.0,1.0,0.0,3.0,2.0
LBC360710,n,1.0,2.0,73.01095890410959,F,1.0,15533.0,0.0,N/A,0.0,1.0,2.0
LBC360176,y,1.0,1.0,71.58356164383562,M,0.0,6176.0,0.0,N/A,N/A,1.0,1.0
LBC360506,y,1.0,3.0,72.67123287671232,F,1.0,14295.0,1.0,N/A,N/A,1.0,3.0
LBC360847,y,1.0,2.0,72.82739726027397,M,1.0,18647.0,1.0,N/A,N/A,1.0,2.0
MSS3_ED_209,y,1.0,2.0,55.409,F,1.0,1736.279296875,1.0,0.0,0.0,1.0,2.0
LBC360100,n,1.0,1.0,71.81917808219178,F,0.0,634.0,0.0,N/A,N/A,1.0,1.0
LBC360208,n,1.0,1.0,71.96986301369863,M,0.0,2187.0,0.0,N/A,N/A,1.0,1.0
LBC361113,y,2.0,2.0,73.4,F,0.0,24834.0,0.0,N/A,N/A,2.0,2.0
LBC360178,n,2.0,2.0,72.08767123287672,F,0.0,10098.0,0.0,N/A,N/A,2.0,2.0
MSS3_ED_146,y,1.0,2.0,63.737,M,0.0,3592.79296875,1.0,0.0,0.0,1.0,2.0
LBC360331,y,1.0,4.0,72.62465753424658,M,1.0,32501.0,0.0,N/A,N/A,1.0,3.0
MSSB159,y,2.0,2.0,79.90417522245038,F,0.0,12115.863205194471,1.0,0.0,0.0,2.0,2.0
LBC360781,y,1.0,3.0,72.77808219178083,M,0.0,107.0,0.0,N/A,N/A,1.0,3.0
MSS3_ED_006,y,2.0,3.0,56.619,M,1.0,40817.98520553112,1.0,1.0,1.0,2.0,3.0
MSSA206,n,2.0,1.0,71.0,M,1.0,67233.09974956512,1.0,N/A,1.0,2.0,1.0
LBC361134,y,1.0,2.0,73.82739726027397,M,1.0,3516.0,0.0,N/A,N/A,1.0,2.0
LBC360167,n,2.0,3.0,71.93972602739726,M,1.0,8570.0,0.0,N/A,N/A,2.0,3.0
LBC360138,y,1.0,2.0,71.64657534246575,F,0.0,1974.0,0.0,N/A,N/A,1.0,2.0
LBC360960,y,1.0,1.0,73.34520547945205,F,0.0,742.0,0.0,N/A,N/A,1.0,1.0
MSSB060,y,4.0,3.0,74.13004791238879,F,1.0,N/A,1.0,0.0,0.0,3.0,3.0
LBC361292,y,2.0,2.0,73.84383561643835,F,1.0,6931.0,0.0,N/A,N/A,2.0,2.0
LBC360275,n,2.0,3.0,72.16712328767123,M,1.0,4330.0,0.0,N/A,N/A,2.0,3.0
MSSA201,n,2.0,1.0,80.0,M,1.0,37951.08951568604,1.0,N/A,0.0,2.0,1.0
LBC360333,n,2.0,3.0,72.32876712328768,M,1.0,15792.0,0.0,N/A,N/A,2.0,3.0
LBC360857,y,1.0,2.0,72.74246575342465,F,1.0,20924.0,0.0,N/A,N/A,1.0,2.0
MSSA202,n,1.0,1.0,50.0,F,1.0,1212.89449095726,1.0,N/A,N/A,1.0,1.0
LBC360635,y,1.0,2.0,72.87397260273973,F,0.0,1622.0,0.0,N/A,N/A,1.0,2.0
LBC360270,n,1.0,1.0,72.75890410958904,F,0.0,31772.0,1.0,N/A,N/A,1.0,1.0
MSSB126,y,1.0,1.0,72.17248459958935,F,1.0,3306.766559243202,1.0,0.0,0.0,1.0,1.0
LBC361035,y,1.0,3.0,73.66301369863014,F,1.0,36429.0,1.0,N/A,N/A,1.0,3.0
LBC360489,y,1.0,3.0,71.97260273972603,M,0.0,21270.0,0.0,N/A,0.0,1.0,3.0
MSSA224,n,1.0,2.0,73.0,M,1.0,5786.71875,1.0,N/A,0.0,1.0,2.0
LBC360617,y,2.0,3.0,72.5068493150685,M,1.0,4265.0,0.0,N/A,N/A,2.0,3.0
MSSB055,y,3.0,4.0,68.72005475701576,M,1.0,42587.28425502777,1.0,1.0,1.0,3.0,3.0
LBC360902,y,2.0,2.0,72.74794520547945,F,0.0,5547.0,0.0,N/A,N/A,2.0,2.0
LBC360770,n,1.0,2.0,72.81643835616438,F,1.0,4074.0,0.0,N/A,N/A,1.0,2.0
MSS3_ED_064,y,1.0,1.0,56.32,M,0.0,2144.443359375,1.0,0.0,0.0,1.0,1.0
MSSB290,y,2.0,4.0,67.35112936344969,F,0.0,29967.35601067543,1.0,1.0,0.0,2.0,3.0
MSS3_ED_043,y,2.0,3.0,59.849,M,1.0,8781.881276249886,1.0,1.0,1.0,2.0,3.0
MSSB172,y,1.0,1.0,55.373032169746736,M,1.0,N/A,N/A,0.0,0.0,1.0,1.0
LBC360719,y,1.0,2.0,72.5041095890411,F,1.0,4753.0,0.0,N/A,N/A,1.0,2.0
MSSB091,y,2.0,1.0,90.89117043121148,M,0.0,35851.090109825134,1.0,1.0,0.0,2.0,1.0
MSSB157,y,2.0,2.0,71.76180698151951,M,0.0,N/A,N/A,0.0,0.0,2.0,2.0
MSS3_ED_181,y,2.0,3.0,70.732,M,1.0,14714.47265625,1.0,0.0,0.0,2.0,3.0
LBC360224,y,1.0,3.0,72.32054794520548,M,0.0,2473.0,0.0,N/A,N/A,1.0,3.0
MSS3_ED_128,y,4.0,4.0,81.925,F,0.0,37532.900390625,1.0,1.0,1.0,3.0,3.0
LBC360456,y,0.0,1.0,71.81643835616438,F,0.0,5262.0,0.0,N/A,N/A,1.0,1.0
LBC361288,n,1.0,2.0,73.7095890410959,M,0.0,9204.0,0.0,N/A,N/A,1.0,2.0
MSS3_ED_174,y,2.0,2.0,84.419,F,1.0,13552.470703125,1.0,1.0,0.0,2.0,2.0
MSSB302,y,0.0,0.0,58.95687885010264,F,1.0,N/A,N/A,0.0,0.0,1.0,1.0
MSSB267,y,1.0,1.0,90.25325119780972,F,0.0,9981.651803970335,N/A,0.0,0.0,1.0,1.0
LBC361018,y,1.0,2.0,73.57534246575342,M,0.0,3948.0,0.0,N/A,N/A,1.0,2.0
LBC361023,n,1.0,1.0,73.62739726027397,F,0.0,3136.0,0.0,N/A,N/A,1.0,1.0
LBC360993,n,2.0,2.0,73.65479452054795,M,1.0,7003.0,0.0,N/A,N/A,2.0,2.0
LBC360877,y,2.0,3.0,73.24657534246575,M,1.0,6170.0,0.0,N/A,N/A,2.0,3.0
LBC360648,y,1.0,1.0,72.78356164383561,M,0.0,887.0,0.0,N/A,N/A,1.0,1.0
LBC360563,y,2.0,2.0,72.9068493150685,F,1.0,12829.0,0.0,N/A,N/A,2.0,2.0
LBC360393,y,2.0,2.0,71.96164383561644,M,0.0,18149.0,1.0,N/A,N/A,2.0,2.0
LBC360114,y,1.0,2.0,71.52602739726028,M,0.0,4989.0,0.0,N/A,N/A,1.0,2.0
MSS3_ED_170,y,1.0,2.0,44.917,M,1.0,2401.5234375,1.0,0.0,0.0,1.0,2.0
MSS3_ED_153,y,2.0,3.0,67.537,M,1.0,10495.986328125,1.0,0.0,0.0,2.0,3.0
LBC361262,y,2.0,2.0,73.63561643835617,F,0.0,3347.0,0.0,N/A,N/A,2.0,2.0
LBC360223,y,2.0,3.0,71.87123287671233,M,1.0,563.0,0.0,N/A,N/A,2.0,3.0
MSSB017,y,1.0,1.0,48.63518138261464,M,1.0,N/A,N/A,0.0,0.0,1.0,1.0
LBC360137,n,1.0,2.0,71.8054794520548,F,0.0,1490.0,0.0,N/A,N/A,1.0,2.0
MSSB279,y,3.0,4.0,48.295687885010246,F,1.0,35574.32706856728,1.0,1.0,1.0,3.0,3.0
LBC361169,n,1.0,2.0,73.73424657534247,M,0.0,10675.0,0.0,N/A,N/A,1.0,2.0
LBC360040,y,1.0,2.0,71.25753424657535,M,0.0,12.0,0.0,N/A,N/A,1.0,2.0
MSSB041,y,2.0,3.0,78.17932922655716,F,1.0,N/A,N/A,0.0,0.0,2.0,3.0
LBC361001,y,1.0,3.0,73.44931506849315,M,1.0,6125.0,0.0,N/A,N/A,1.0,3.0
LBC360420,n,1.0,2.0,71.96164383561644,M,1.0,2636.0,0.0,N/A,N/A,1.0,2.0
MSSB260,y,3.0,4.0,74.04243668720054,F,1.0,N/A,N/A,0.0,0.0,3.0,3.0
LBC360346,y,1.0,1.0,74.1972602739726,F,0.0,0.0,0.0,N/A,N/A,1.0,1.0
LBC361045,y,1.0,1.0,73.16438356164383,F,1.0,5456.0,0.0,N/A,N/A,1.0,1.0
LBC360217,y,1.0,3.0,71.95068493150686,M,0.0,588.0,0.0,N/A,N/A,1.0,3.0
LBC360726,n,1.0,2.0,73.32054794520548,F,0.0,11075.0,0.0,N/A,N/A,1.0,2.0
MSSB266,y,1.0,1.0,61.05954825462012,F,1.0,8635.590872526169,1.0,0.0,0.0,1.0,1.0
LBC360571,y,1.0,1.0,72.52876712328766,M,0.0,1071.0,0.0,N/A,N/A,1.0,1.0
MSS3_ED_022,y,2.0,2.0,74.108,M,1.0,33954.4454857707,1.0,1.0,0.0,2.0,2.0
LBC361176,y,1.0,2.0,73.96712328767123,F,0.0,9993.0,1.0,N/A,N/A,1.0,2.0
LBC360695,n,2.0,3.0,73.02465753424657,M,0.0,6046.0,0.0,N/A,N/A,2.0,3.0
LBC361009,n,1.0,1.0,73.3917808219178,M,0.0,16327.0,0.0,N/A,N/A,1.0,1.0
LBC360680,y,1.0,2.0,72.67123287671232,M,0.0,8901.0,0.0,N/A,N/A,1.0,2.0
MSSB239,y,1.0,2.0,50.87748117727584,F,1.0,234.8093473911285,1.0,0.0,0.0,1.0,2.0
LBC360189,n,1.0,2.0,72.14246575342466,M,0.0,6805.0,0.0,N/A,N/A,1.0,2.0
LBC360849,y,1.0,2.0,72.94794520547946,F,0.0,20534.0,0.0,N/A,N/A,1.0,2.0
MSSB205,y,1.0,3.0,65.6536618754278,F,0.0,N/A,0.0,0.0,1.0,1.0,3.0
MSS3_ED_041,y,1.0,2.0,69.555,M,1.0,9422.579545021055,1.0,0.0,0.0,1.0,2.0
LBC360533,y,1.0,1.0,72.2931506849315,M,0.0,3869.0,0.0,N/A,N/A,1.0,1.0
LBC361291,y,1.0,1.0,73.35068493150685,M,1.0,33794.0,0.0,N/A,N/A,1.0,1.0
MSSA173,n,1.0,2.0,52.0,M,0.0,5171.484375,N/A,N/A,0.0,1.0,2.0
LBC360784,y,2.0,3.0,73.04657534246576,M,1.0,17617.0,0.0,N/A,N/A,2.0,3.0
MSSB286,y,1.0,1.0,41.06776180698151,M,0.0,4195.151605010033,1.0,0.0,0.0,1.0,1.0
LBC360934,y,1.0,3.0,73.34794520547945,M,0.0,16892.0,0.0,N/A,N/A,1.0,3.0
MSS3_ED_097,y,3.0,3.0,80.296,M,0.0,9818.876953125,1.0,1.0,1.0,3.0,3.0
LBC361307,y,2.0,2.0,73.7013698630137,M,1.0,3570.0,0.0,N/A,N/A,2.0,2.0
MSS3_ED_105,y,1.0,2.0,62.423,F,0.0,2713.974609375,1.0,1.0,0.0,1.0,2.0
MSSB291,y,1.0,1.0,55.51813826146476,M,0.0,2799.7649574279785,1.0,0.0,0.0,1.0,1.0
MSS3_ED_172,y,1.0,3.0,38.762,M,1.0,3367.353515625,1.0,1.0,1.0,1.0,3.0
MSSB095,y,2.0,1.0,69.48665297741272,M,1.0,76631.52149748802,1.0,0.0,0.0,2.0,1.0
MSS3_ED_011,y,3.0,2.0,79.179,M,0.0,28781.976944684982,1.0,1.0,0.0,3.0,2.0
LBC360659,y,1.0,2.0,72.66849315068494,F,1.0,2647.0,0.0,N/A,N/A,1.0,2.0
MSSB217,y,2.0,2.0,66.77070499657769,M,1.0,N/A,0.0,0.0,0.0,2.0,2.0
LBC360186,y,2.0,3.0,72.13972602739726,M,1.0,3981.0,0.0,N/A,N/A,2.0,3.0
LBC360430,y,2.0,2.0,72.21917808219177,M,0.0,17347.0,0.0,N/A,N/A,2.0,2.0
LBC360303,y,1.0,1.0,72.15890410958905,F,0.0,344.0,0.0,N/A,N/A,1.0,1.0
MSSA135,n,1.0,0.0,83.0,M,1.0,8152.743221282959,1.0,N/A,0.0,1.0,1.0
LBC360264,y,1.0,0.0,72.2986301369863,F,0.0,682.0,0.0,N/A,N/A,1.0,1.0
MSSA225,n,1.0,2.0,54.0,M,0.0,1641.796875,1.0,N/A,0.0,1.0,2.0
MSS3_ED_223,y,1.0,3.0,65.739,F,0.0,6551.982421875,1.0,0.0,0.0,1.0,3.0
LBC361031,y,1.0,3.0,73.63287671232877,F,1.0,21876.0,0.0,N/A,N/A,1.0,3.0
LBC360192,y,2.0,2.0,71.46849315068494,M,0.0,3453.0,0.0,N/A,N/A,2.0,2.0
LBC360055,y,2.0,2.0,71.61643835616438,F,1.0,3139.0,0.0,N/A,N/A,2.0,2.0
MSS3_ED_142,y,3.0,3.0,66.864,F,1.0,18474.9609375,1.0,1.0,1.0,3.0,3.0
LBC360334,y,1.0,2.0,72.17808219178082,F,1.0,17894.0,0.0,N/A,N/A,1.0,2.0
MSSB069,y,3.0,4.0,75.46885694729639,M,1.0,40734.14496088028,1.0,1.0,0.0,3.0,3.0
LBC360863,y,1.0,2.0,73.41095890410959,M,0.0,5610.0,0.0,N/A,N/A,1.0,2.0
LBC361209,y,2.0,3.0,73.91232876712328,F,0.0,17333.0,0.0,N/A,N/A,2.0,3.0
LBC361111,n,2.0,3.0,73.94246575342466,M,1.0,33184.0,1.0,N/A,N/A,2.0,3.0
MSSB151,y,1.0,2.0,48.43258042436688,F,1.0,9153.058047294617,1.0,0.0,0.0,1.0,2.0
MSSB052,y,1.0,1.0,65.69472963723476,M,0.0,N/A,1.0,0.0,0.0,1.0,1.0
LBC360215,y,2.0,1.0,72.05479452054794,F,1.0,6184.0,1.0,N/A,N/A,2.0,1.0
LBC360594,y,1.0,2.0,72.5123287671233,F,0.0,6956.0,0.0,N/A,N/A,1.0,2.0
LBC360414,n,2.0,2.0,72.11780821917809,M,0.0,6076.0,1.0,N/A,N/A,2.0,2.0
LBC360732,y,2.0,3.0,72.78630136986301,F,1.0,17428.0,0.0,N/A,0.0,2.0,3.0
MSS3_ED_118,y,2.0,2.0,82.179,F,0.0,19199.53125,1.0,0.0,0.0,2.0,2.0
MSS3_ED_031,y,1.0,1.0,74.229,M,1.0,5283.1738525033,1.0,0.0,0.0,1.0,1.0
MSS3_ED_215,y,2.0,3.0,48.09,M,0.0,10708.76953125,1.0,0.0,0.0,2.0,3.0
MSSB153,y,1.0,2.0,61.13073237508556,M,0.0,14896.153292655945,1.0,0.0,0.0,1.0,2.0
LBC360978,y,1.0,1.0,72.9013698630137,M,1.0,3919.0,0.0,N/A,N/A,1.0,1.0
MSSB270,y,2.0,2.0,83.1895961670089,M,0.0,702.9332256317139,1.0,0.0,0.0,2.0,2.0
LBC361020,y,1.0,2.0,73.56712328767124,F,0.0,11142.0,0.0,N/A,N/A,1.0,2.0
MSS3_ED_167,y,3.0,3.0,77.555,M,1.0,31579.716796875,1.0,0.0,0.0,3.0,3.0
LBC361139,y,1.0,2.0,73.53150684931506,F,1.0,15377.0,0.0,N/A,N/A,1.0,2.0
LBC361133,y,1.0,1.0,73.53150684931506,F,0.0,1358.0,0.0,N/A,N/A,1.0,1.0
LBC360965,n,2.0,2.0,73.44931506849315,M,1.0,36382.0,0.0,N/A,N/A,2.0,2.0
MSSA066,n,1.0,3.0,83.0,M,0.0,4106.25,1.0,N/A,0.0,1.0,3.0
LBC360259,y,1.0,2.0,72.1917808219178,F,1.0,24370.0,0.0,N/A,N/A,1.0,2.0
MSSB075,y,4.0,4.0,81.31416837782339,M,0.0,N/A,1.0,0.0,0.0,3.0,3.0
MSSB284,y,4.0,4.0,67.895961670089,M,1.0,52582.45934987068,1.0,1.0,1.0,3.0,3.0
LBC360453,y,1.0,3.0,72.35890410958905,F,0.0,133.0,0.0,N/A,N/A,1.0,3.0
LBC360878,y,2.0,3.0,73.17808219178082,M,0.0,6100.0,0.0,N/A,N/A,2.0,3.0
MSSA044,n,1.0,2.0,72.0,M,1.0,18056.25,1.0,N/A,N/A,1.0,2.0
LBC360183,y,2.0,2.0,71.66575342465754,M,1.0,3173.0,0.0,N/A,N/A,2.0,2.0
LBC360361,y,1.0,1.0,71.72054794520548,M,1.0,0.0,0.0,N/A,N/A,1.0,1.0
LBC360209,y,1.0,2.0,72.21917808219177,M,1.0,12120.0,0.0,N/A,N/A,1.0,2.0
MSS3_ED_042,y,3.0,4.0,74.366,F,1.0,26514.10467946529,1.0,1.0,0.0,3.0,3.0
LBC360222,y,2.0,2.0,71.86301369863014,M,0.0,9672.0,0.0,N/A,N/A,2.0,2.0
LBC360754,y,1.0,2.0,73.2986301369863,M,0.0,3362.0,1.0,N/A,N/A,1.0,2.0
LBC360102,y,2.0,2.0,71.9013698630137,M,0.0,14527.0,0.0,N/A,N/A,2.0,2.0
LBC360381,y,2.0,2.0,72.11780821917809,F,0.0,1204.0,0.0,N/A,N/A,2.0,2.0
LBC361201,y,2.0,2.0,73.42465753424658,F,0.0,16511.0,0.0,N/A,N/A,2.0,2.0
LBC360210,y,2.0,3.0,71.85205479452055,M,0.0,19595.0,0.0,N/A,N/A,2.0,3.0
LBC360605,n,2.0,3.0,73.54794520547945,F,0.0,35997.0,0.0,N/A,N/A,2.0,3.0
LBC360575,y,1.0,1.0,72.32328767123288,F,1.0,4229.0,0.0,N/A,N/A,1.0,1.0
MSSB038,y,1.0,1.0,51.32375085557837,M,1.0,N/A,1.0,0.0,0.0,1.0,1.0
LBC360043,n,2.0,3.0,71.93698630136986,M,1.0,1880.0,0.0,N/A,N/A,2.0,3.0
MSS3_ED_184,y,1.0,1.0,49.243,M,0.0,8608.623046875,1.0,0.0,0.0,1.0,1.0
LBC361093,y,1.0,2.0,73.46575342465754,M,0.0,49703.0,0.0,N/A,N/A,1.0,2.0
LBC360926,n,2.0,2.0,73.57260273972602,M,1.0,18675.0,1.0,N/A,N/A,2.0,2.0
MSS3_ED_160,y,2.0,3.0,76.887,F,1.0,97391.42578125,0.0,1.0,1.0,2.0,3.0
LBC360862,y,1.0,2.0,73.95616438356164,M,1.0,13693.0,0.0,N/A,N/A,1.0,2.0
LBC360773,n,2.0,2.0,73.1917808219178,M,0.0,11597.0,0.0,N/A,N/A,2.0,2.0
LBC360516,y,1.0,2.0,71.89315068493151,M,1.0,3844.0,0.0,N/A,N/A,1.0,2.0
LBC361287,y,1.0,2.0,73.46027397260274,M,0.0,89.0,0.0,N/A,N/A,1.0,2.0
LBC361264,y,1.0,2.0,73.86027397260274,F,1.0,7630.0,1.0,N/A,N/A,1.0,2.0
MSSB296,y,4.0,3.0,79.78918548939085,M,1.0,N/A,1.0,0.0,1.0,3.0,3.0
LBC360168,y,1.0,2.0,72.13972602739726,M,1.0,173.0,0.0,N/A,N/A,1.0,2.0
MSSA218,n,2.0,1.0,75.0,M,1.0,7576.171875,1.0,N/A,0.0,2.0,1.0
MSSB285,y,2.0,2.0,82.02874743326487,M,1.0,N/A,1.0,0.0,1.0,2.0,2.0
LBC360214,y,2.0,3.0,72.04383561643836,M,1.0,2389.0,1.0,N/A,N/A,2.0,3.0
MSSB007,y,1.0,3.0,61.59069130732375,M,0.0,N/A,1.0,1.0,0.0,1.0,3.0
LBC360697,n,3.0,3.0,72.75342465753425,M,0.0,21452.0,1.0,N/A,N/A,3.0,3.0
LBC360162,y,1.0,3.0,71.47945205479452,F,0.0,18534.0,0.0,N/A,N/A,1.0,3.0
LBC361306,y,2.0,2.0,73.88493150684931,F,1.0,30483.0,0.0,N/A,N/A,2.0,2.0
LBC361303,y,1.0,2.0,73.65753424657534,F,0.0,4910.0,0.0,N/A,N/A,1.0,2.0
LBC361271,y,2.0,3.0,73.07945205479452,M,1.0,9788.0,1.0,N/A,N/A,2.0,3.0
LBC360664,y,1.0,2.0,72.82465753424657,M,1.0,5846.0,0.0,N/A,N/A,1.0,2.0
LBC360655,n,1.0,2.0,73.22465753424657,M,0.0,17458.0,0.0,N/A,N/A,1.0,2.0
MSSB057,y,1.0,2.0,73.88364134154689,F,1.0,N/A,N/A,0.0,0.0,1.0,2.0
MSS3_ED_114,y,2.0,3.0,67.105,F,0.0,9060.29296875,1.0,1.0,0.0,2.0,3.0
MSSB288,y,1.0,1.0,76.82409308692675,F,1.0,N/A,N/A,0.0,0.0,1.0,1.0
LBC360158,y,2.0,2.0,72.01095890410959,M,0.0,9225.0,0.0,N/A,N/A,2.0,2.0
MSSB248,y,3.0,1.0,60.92265571526352,M,1.0,N/A,N/A,0.0,0.0,3.0,1.0
MSSB047,y,1.0,2.0,78.5982203969884,F,0.0,N/A,0.0,0.0,0.0,1.0,2.0
LBC360559,y,1.0,3.0,72.66849315068494,F,1.0,40134.0,0.0,N/A,N/A,1.0,3.0
MSS3_ED_074,y,1.0,3.0,71.606,M,1.0,22636.494140625,1.0,0.0,0.0,1.0,3.0
LBC360219,y,2.0,3.0,72.24109589041096,F,0.0,2433.0,0.0,N/A,N/A,2.0,3.0
LBC360869,y,2.0,3.0,72.87123287671233,M,0.0,10296.0,0.0,N/A,N/A,2.0,3.0
LBC360342,n,1.0,2.0,72.58904109589041,F,1.0,7971.0,0.0,N/A,N/A,1.0,2.0
LBC360235,y,1.0,2.0,71.87945205479453,F,0.0,11271.0,0.0,N/A,N/A,1.0,2.0
LBC360445,y,2.0,2.0,72.24383561643836,F,0.0,5282.0,0.0,N/A,N/A,2.0,2.0
LBC361092,y,2.0,2.0,73.2958904109589,M,1.0,6516.0,1.0,N/A,1.0,2.0,2.0
MSS3_ED_092,y,3.0,4.0,75.565,M,1.0,5563.212890625,1.0,1.0,0.0,3.0,3.0
MSSB192,y,3.0,1.0,54.17111567419576,M,0.0,N/A,1.0,1.0,0.0,3.0,1.0
MSS3_ED_116,y,2.0,2.0,54.921,M,1.0,1877.87109375,1.0,0.0,0.0,2.0,2.0
LBC360656,y,2.0,2.0,73.17534246575343,M,1.0,5024.0,0.0,N/A,0.0,2.0,2.0
MSSA046,n,1.0,0.0,61.0,M,1.0,1283.2154822349548,1.0,N/A,N/A,1.0,1.0
MSSB245,y,1.0,1.0,62.75427789185488,M,0.0,N/A,N/A,0.0,0.0,1.0,1.0
LBC361114,y,1.0,2.0,73.12054794520547,M,0.0,10253.0,0.0,N/A,N/A,1.0,2.0
LBC360912,y,2.0,2.0,73.06301369863014,M,0.0,11966.0,0.0,N/A,N/A,2.0,2.0
MSSA133,n,2.0,2.0,68.0,M,1.0,24560.15625,1.0,N/A,N/A,2.0,2.0
MSS3_ED_035,y,1.0,2.0,56.277,M,1.0,2848.447909533977,1.0,0.0,0.0,1.0,2.0
MSSB155,y,1.0,2.0,61.88364134154688,M,1.0,4890.6263744831085,1.0,0.0,0.0,1.0,2.0
LBC360685,y,2.0,0.0,73.1972602739726,M,1.0,24762.0,1.0,N/A,N/A,2.0,1.0
MSS3_ED_077,y,1.0,1.0,70.519,M,0.0,2583.45703125,1.0,0.0,1.0,1.0,1.0
MSSB281,y,3.0,1.0,79.1622176591376,M,1.0,118821.2824383974,1.0,0.0,1.0,3.0,1.0
LBC361266,y,1.0,1.0,73.7068493150685,M,0.0,28902.0,1.0,N/A,N/A,1.0,1.0
LBC361270,y,1.0,2.0,73.9068493150685,F,1.0,25185.0,0.0,N/A,0.0,1.0,2.0
MSS3_ED_224,y,1.0,1.0,43.379,M,0.0,10176.416015625,1.0,0.0,0.0,1.0,1.0
MSS3_ED_052,y,3.0,3.0,55.789,M,1.0,10950.017745375631,1.0,1.0,0.0,3.0,3.0
LBC360599,y,1.0,3.0,72.65479452054795,F,1.0,4526.0,0.0,N/A,N/A,1.0,3.0
MSSB014,y,1.0,2.0,59.589322381930174,F,1.0,N/A,N/A,0.0,0.0,1.0,2.0
LBC360830,y,1.0,2.0,73.41643835616438,M,0.0,2550.0,1.0,N/A,N/A,1.0,2.0
LBC360353,y,2.0,2.0,73.53972602739726,M,1.0,8641.0,0.0,N/A,N/A,2.0,2.0
MSSB176,y,2.0,2.0,80.04106776180699,M,0.0,117400.06524431704,1.0,1.0,1.0,2.0,2.0
LBC360092,n,1.0,2.0,71.75616438356164,M,0.0,8035.0,0.0,N/A,N/A,1.0,2.0
LBC360557,y,2.0,2.0,72.5013698630137,M,0.0,13098.0,0.0,N/A,N/A,2.0,2.0
LBC360261,y,1.0,1.0,71.8054794520548,M,0.0,3480.0,0.0,N/A,N/A,1.0,1.0
LBC360179,y,2.0,2.0,72.28219178082192,M,0.0,9839.0,1.0,N/A,N/A,2.0,2.0
MSSB173,y,2.0,3.0,75.58110882956878,M,1.0,36983.22001457214,1.0,1.0,0.0,2.0,3.0
MSS3_ED_115,y,2.0,2.0,77.492,F,1.0,15035.625,1.0,0.0,0.0,2.0,2.0
MSS3_ED_050,y,2.0,3.0,70.856,F,1.0,27877.589318215847,1.0,1.0,1.0,2.0,3.0
LBC361120,y,1.0,2.0,73.44931506849315,F,0.0,6873.0,0.0,N/A,N/A,1.0,2.0
LBC360604,n,3.0,4.0,73.01917808219179,F,0.0,8051.0,0.0,N/A,N/A,3.0,3.0
LBC360968,y,2.0,2.0,73.30410958904109,F,0.0,6236.0,0.0,N/A,N/A,2.0,2.0
MSS3_ED_207,y,1.0,2.0,55.214,F,1.0,2702.109375,1.0,0.0,0.0,1.0,2.0
MSSB050,y,1.0,0.0,41.15537303216976,M,0.0,N/A,N/A,0.0,0.0,1.0,1.0
MSS3_ED_193,y,1.0,2.0,55.359,M,1.0,4826.77734375,1.0,1.0,0.0,1.0,2.0
MSS3_ED_145,y,2.0,3.0,51.458,F,1.0,2761.435546875,1.0,1.0,0.0,2.0,3.0
LBC360395,n,2.0,2.0,71.98082191780821,M,0.0,8583.0,1.0,N/A,N/A,2.0,2.0
LBC360906,y,1.0,2.0,73.67123287671232,F,0.0,1469.0,0.0,N/A,N/A,1.0,2.0
LBC361107,y,1.0,1.0,73.86575342465754,M,1.0,5506.0,0.0,N/A,N/A,1.0,1.0
MSS3_ED_032,y,1.0,2.0,73.919,M,0.0,3055.712009847164,1.0,1.0,0.0,1.0,2.0
LBC360009,y,2.0,2.0,71.6986301369863,F,1.0,12422.0,0.0,N/A,N/A,2.0,2.0
LBC361153,n,2.0,4.0,73.30684931506849,M,0.0,31918.0,0.0,N/A,N/A,2.0,3.0
LBC360786,n,1.0,1.0,72.93424657534247,F,0.0,3138.0,0.0,N/A,N/A,1.0,1.0
LBC360321,y,3.0,3.0,71.46301369863014,M,0.0,3180.0,0.0,N/A,N/A,3.0,3.0
MSSB036,y,3.0,4.0,72.07665982203969,M,1.0,N/A,1.0,1.0,0.0,3.0,3.0
MSS3_ED_139,y,4.0,3.0,56.225,M,1.0,39163.18359375,1.0,1.0,1.0,3.0,3.0
MSSA151,n,3.0,3.0,74.0,M,1.0,19817.53646206856,1.0,N/A,1.0,3.0,3.0
LBC360470,y,2.0,2.0,72.88767123287671,M,0.0,14610.0,0.0,N/A,N/A,2.0,2.0
MSSB310,y,4.0,4.0,75.64407939767284,F,1.0,49453.48939919472,1.0,1.0,1.0,3.0,3.0
MSS3_ED_117,y,2.0,2.0,78.464,M,1.0,5554.51171875,1.0,1.0,0.0,2.0,2.0
LBC360452,y,1.0,2.0,72.1972602739726,F,0.0,5771.0,0.0,N/A,N/A,1.0,2.0
MSS3_ED_093,y,4.0,2.0,83.368,M,1.0,18864.931640625,1.0,1.0,1.0,3.0,2.0
LBC360110,y,1.0,3.0,71.7068493150685,M,0.0,18722.0,0.0,N/A,N/A,1.0,3.0
MSSA221,n,1.0,2.0,69.0,F,1.0,4327.734375,1.0,N/A,0.0,1.0,2.0
LBC360125,y,2.0,3.0,72.21917808219177,F,0.0,27572.0,1.0,N/A,N/A,2.0,3.0
LBC361147,y,1.0,1.0,73.94794520547946,F,0.0,292.0,1.0,N/A,N/A,1.0,1.0
MSS3_ED_125,y,2.0,2.0,57.719,M,1.0,4822.03125,1.0,0.0,0.0,2.0,2.0
MSS3_ED_086,y,2.0,2.0,81.687,M,1.0,11797.20703125,1.0,0.0,0.0,2.0,2.0
MSSB187,y,1.0,2.0,55.78918548939083,M,1.0,1552.4321658611298,1.0,0.0,0.0,1.0,2.0
MSSB005,y,4.0,1.0,68.15879534565364,F,0.0,N/A,1.0,1.0,0.0,3.0,1.0
MSSB272,y,1.0,1.0,85.25667351129361,M,0.0,N/A,1.0,0.0,0.0,1.0,1.0
MSS3_ED_018,y,2.0,4.0,76.156,F,1.0,2024.201205432415,1.0,0.0,0.0,2.0,3.0
MSSB166,y,2.0,1.0,82.15468856947297,M,1.0,11828.721024513245,1.0,0.0,0.0,2.0,1.0
LBC360640,y,1.0,2.0,73.45205479452055,M,1.0,520.0,0.0,N/A,N/A,1.0,2.0
MSSB113,y,1.0,2.0,66.72416153319644,M,1.0,1177.0367192029953,1.0,0.0,0.0,1.0,2.0
LBC361187,y,1.0,1.0,73.86301369863014,M,0.0,2834.0,1.0,N/A,N/A,1.0,1.0
MSSB031,y,3.0,2.0,79.80013689253937,M,1.0,N/A,0.0,1.0,0.0,3.0,2.0
LBC360126,y,2.0,2.0,72.18082191780822,M,1.0,7815.0,0.0,N/A,N/A,2.0,2.0
MSSB294,y,1.0,3.0,46.38740588637919,M,0.0,N/A,1.0,1.0,0.0,1.0,3.0
MSSB244,y,3.0,3.0,89.83983572895278,M,1.0,N/A,N/A,0.0,0.0,3.0,3.0
MSS3_ED_205,y,2.0,2.0,59.89,M,1.0,1899.228515625,1.0,0.0,0.0,2.0,2.0
MSS3_ED_203,y,1.0,1.0,50.719,M,0.0,1472.87109375,1.0,1.0,0.0,1.0,1.0
MSSA033,n,1.0,1.0,67.0,M,1.0,17437.5,1.0,N/A,N/A,1.0,1.0
MSSB313,y,1.0,2.0,65.94113620807668,M,1.0,40795.50680756569,1.0,1.0,0.0,1.0,2.0
MSSB032,y,1.0,1.0,81.36892539356602,M,1.0,N/A,0.0,0.0,0.0,1.0,1.0
LBC361152,n,1.0,2.0,74.13698630136986,M,1.0,3047.0,0.0,N/A,N/A,1.0,2.0
LBC360823,y,1.0,1.0,73.23561643835616,F,0.0,3453.0,1.0,N/A,N/A,1.0,1.0
MSS3_ED_206,y,3.0,2.0,75.565,F,1.0,28314.404296875,1.0,1.0,0.0,3.0,2.0
LBC360666,n,2.0,3.0,73.66301369863014,F,0.0,16760.0,0.0,N/A,N/A,2.0,3.0
MSS3_ED_099,y,3.0,3.0,72.709,F,0.0,14161.552734375,0.0,1.0,0.0,3.0,3.0
LBC360378,y,1.0,1.0,72.77534246575343,F,0.0,2106.0,0.0,N/A,N/A,1.0,1.0
MSSB090,y,2.0,2.0,61.4428473648186,M,1.0,2219.4769234657288,1.0,1.0,0.0,2.0,2.0
MSSB301,y,1.0,1.0,79.56194387405888,M,1.0,14372.741060256958,1.0,0.0,1.0,1.0,1.0
LBC360767,n,3.0,3.0,73.06575342465753,M,0.0,15987.0,0.0,N/A,N/A,3.0,3.0
LBC360426,n,3.0,2.0,72.66301369863014,M,1.0,25220.0,1.0,N/A,N/A,3.0,2.0
MSS3_ED_201,y,2.0,3.0,75.373,M,1.0,10870.927734375,1.0,1.0,0.0,2.0,3.0
LBC360437,y,2.0,2.0,72.75616438356164,F,1.0,25849.0,0.0,N/A,N/A,2.0,2.0
MSSB039,y,4.0,2.0,89.07049965776862,M,1.0,N/A,1.0,1.0,0.0,3.0,2.0
LBC360561,y,1.0,3.0,71.93972602739726,M,0.0,24457.0,0.0,N/A,N/A,1.0,3.0
LBC360834,y,1.0,1.0,73.02739726027397,F,0.0,4695.0,0.0,N/A,N/A,1.0,1.0
LBC360835,n,1.0,2.0,73.18904109589042,M,0.0,21271.0,0.0,N/A,N/A,1.0,2.0
MSS3_ED_056,y,1.0,1.0,70.248,F,1.0,11324.95875608921,0.0,0.0,0.0,1.0,1.0
LBC360969,y,2.0,2.0,73.46027397260274,M,1.0,4165.0,0.0,N/A,N/A,2.0,2.0
LBC360169,y,2.0,2.0,71.64109589041095,F,0.0,285.0,0.0,N/A,N/A,2.0,2.0
LBC360195,n,2.0,2.0,71.7972602739726,M,0.0,2000.0,0.0,N/A,N/A,2.0,2.0
MSSB001,y,1.0,0.0,66.53524982888433,F,1.0,N/A,1.0,0.0,0.0,1.0,1.0
MSS3_ED_227,y,2.0,3.0,74.771,F,1.0,18618.134765625,1.0,0.0,0.0,2.0,3.0
MSSA051,n,1.0,3.0,74.0,M,1.0,15700.78125,1.0,N/A,0.0,1.0,3.0
MSS3_ED_098,y,1.0,1.0,53.875,M,1.0,1986.240234375,0.0,0.0,0.0,1.0,1.0
LBC360459,y,2.0,2.0,71.92602739726027,F,0.0,1844.0,0.0,N/A,N/A,2.0,2.0
LBC360911,y,2.0,1.0,73.48219178082192,F,1.0,88851.0,0.0,N/A,N/A,2.0,1.0
LBC360755,y,1.0,2.0,72.45205479452055,F,0.0,1002.0,0.0,N/A,N/A,1.0,2.0
LBC360273,n,2.0,2.0,72.23013698630137,M,0.0,5787.0,1.0,N/A,N/A,2.0,2.0
MSS3_ED_130,y,2.0,2.0,51.921,M,0.0,3186.2109375,1.0,1.0,0.0,2.0,2.0
MSSB306,y,2.0,3.0,71.95619438740587,M,1.0,25950.14499986172,1.0,1.0,1.0,2.0,3.0
LBC361182,y,1.0,3.0,73.57808219178082,M,1.0,9048.0,0.0,N/A,N/A,1.0,3.0
LBC360950,n,2.0,4.0,72.9945205479452,M,0.0,13802.0,0.0,N/A,N/A,2.0,3.0
LBC360722,n,3.0,2.0,72.88493150684931,F,0.0,30577.0,1.0,N/A,N/A,3.0,2.0
LBC361051,y,1.0,2.0,73.61643835616438,F,0.0,7259.0,0.0,N/A,N/A,1.0,2.0
MSS3_ED_127,y,2.0,3.0,72.26,F,0.0,10447.734375,1.0,0.0,0.0,2.0,3.0
LBC360487,y,1.0,2.0,72.63013698630137,M,0.0,836.0,0.0,N/A,N/A,1.0,2.0
LBC361297,y,2.0,3.0,73.78904109589041,F,0.0,21172.0,1.0,N/A,N/A,2.0,3.0
LBC360398,y,1.0,1.0,72.61643835616438,M,0.0,6152.0,0.0,N/A,N/A,1.0,1.0
LBC360513,y,1.0,2.0,72.65753424657534,M,1.0,6308.0,0.0,N/A,N/A,1.0,2.0
LBC360056,y,1.0,2.0,72.0958904109589,F,0.0,10812.0,0.0,N/A,N/A,1.0,2.0
MSSB048,y,1.0,2.0,60.63791923340178,F,0.0,N/A,1.0,0.0,0.0,1.0,2.0
MSSB299,y,3.0,4.0,66.58726899383984,M,1.0,N/A,1.0,0.0,0.0,3.0,3.0
MSS3_ED_001,y,2.0,2.0,48.611,F,0.0,6847.8439375162125,1.0,1.0,0.0,2.0,2.0
LBC360959,y,2.0,4.0,73.30684931506849,M,1.0,554.0,0.0,N/A,N/A,2.0,3.0
LBC360151,n,2.0,3.0,71.66301369863014,M,0.0,18891.0,0.0,N/A,N/A,2.0,3.0
LBC360256,y,1.0,1.0,71.97534246575343,F,0.0,1344.0,0.0,N/A,N/A,1.0,1.0
LBC360794,y,2.0,2.0,73.23013698630137,F,1.0,3471.0,0.0,N/A,N/A,2.0,2.0
LBC360718,n,2.0,3.0,72.95616438356164,F,0.0,8569.0,0.0,N/A,0.0,2.0,3.0
MSS3_ED_110,y,2.0,4.0,66.021,M,0.0,1374.78515625,1.0,0.0,1.0,2.0,3.0
LBC360698,n,2.0,3.0,72.2,M,0.0,32726.0,1.0,N/A,N/A,2.0,3.0
MSS3_ED_044,y,2.0,3.0,68.192,M,0.0,4210.57997918129,1.0,1.0,0.0,2.0,3.0
LBC360562,n,2.0,3.0,72.76712328767124,M,1.0,7588.0,0.0,N/A,N/A,2.0,3.0
LBC360072,y,1.0,2.0,71.95068493150686,M,0.0,382.0,0.0,N/A,N/A,1.0,2.0
MSSB287,y,1.0,3.0,68.1697467488022,F,1.0,18298.65852534771,1.0,0.0,1.0,1.0,3.0
LBC360443,y,1.0,2.0,72.51780821917808,F,1.0,7001.0,0.0,N/A,N/A,1.0,2.0
MSS3_ED_176,y,3.0,3.0,83.107,F,1.0,13005.87890625,1.0,1.0,1.0,3.0,3.0
LBC361047,y,1.0,2.0,73.23561643835616,M,0.0,6138.0,0.0,N/A,N/A,1.0,2.0
LBC360238,y,1.0,1.0,71.69315068493151,F,1.0,0.0,0.0,N/A,N/A,1.0,1.0
LBC360728,n,2.0,3.0,72.77260273972603,F,0.0,4826.0,0.0,N/A,N/A,2.0,3.0
LBC360128,y,2.0,3.0,71.54794520547945,M,0.0,38.0,0.0,N/A,N/A,2.0,3.0
LBC361246,y,1.0,1.0,73.72054794520548,M,1.0,4806.0,0.0,N/A,N/A,1.0,1.0
LBC360228,y,1.0,1.0,72.26575342465753,F,0.0,5627.0,0.0,N/A,N/A,1.0,1.0
LBC360654,n,1.0,1.0,72.9013698630137,F,1.0,0.0,0.0,N/A,N/A,1.0,1.0
MSSA048,n,0.0,1.0,54.0,M,1.0,5333.356839418411,1.0,N/A,0.0,1.0,1.0
MSSA060,n,2.0,3.0,68.0,F,1.0,4728.515625,1.0,N/A,0.0,2.0,3.0
MSSA111,n,4.0,3.0,66.0,M,0.0,98511.328125,1.0,N/A,N/A,3.0,3.0
MSS3_ED_025,y,2.0,2.0,62.795,M,1.0,6585.247752070427,1.0,1.0,0.0,2.0,2.0
MSSB152,y,1.0,1.0,62.70773442847364,M,0.0,N/A,1.0,0.0,0.0,1.0,1.0
MSSB116,y,2.0,3.0,68.6899383983573,M,1.0,N/A,1.0,0.0,0.0,2.0,3.0
MSSB283,y,1.0,1.0,62.11088295687886,M,0.0,12129.297510385511,1.0,0.0,0.0,1.0,1.0
MSS3_ED_076,y,2.0,3.0,81.697,M,1.0,21999.7265625,1.0,1.0,0.0,2.0,3.0
LBC361284,y,1.0,3.0,73.36164383561643,F,0.0,25704.0,0.0,N/A,N/A,1.0,3.0
MSSB077,y,1.0,1.0,62.20944558521559,F,0.0,N/A,N/A,0.0,0.0,1.0,1.0
LBC360161,y,2.0,2.0,72.04657534246576,F,1.0,4418.0,0.0,N/A,N/A,2.0,2.0
MSSA233,n,1.0,2.0,61.0,M,1.0,7284.375,1.0,N/A,N/A,1.0,2.0
LBC360400,y,1.0,2.0,72.37808219178082,F,0.0,572.0,0.0,N/A,N/A,1.0,2.0
MSSB025,y,1.0,2.0,69.43189596167012,F,0.0,N/A,0.0,0.0,0.0,1.0,2.0
MSS3_ED_213,y,1.0,2.0,66.806,M,0.0,5197.763671875,0.0,1.0,0.0,1.0,2.0
LBC360987,n,1.0,2.0,74.22191780821917,F,0.0,6504.0,0.0,N/A,N/A,1.0,2.0
MSSA214,n,1.0,2.0,66.0,M,1.0,11548.828125,1.0,N/A,1.0,1.0,2.0
LBC360267,n,2.0,2.0,72.2,M,1.0,14995.0,0.0,N/A,N/A,2.0,2.0
LBC360940,n,2.0,2.0,73.17534246575343,M,0.0,22139.0,0.0,N/A,N/A,2.0,2.0
MSSB174,y,3.0,4.0,67.31279945242984,F,1.0,6941.091702461243,1.0,0.0,0.0,3.0,3.0
LBC361017,n,1.0,2.0,73.61643835616438,F,0.0,3923.0,0.0,N/A,0.0,1.0,2.0
MSSB252,y,1.0,1.0,58.81177275838469,M,1.0,N/A,1.0,1.0,0.0,1.0,1.0
MSSA255,n,1.0,1.0,57.0,M,1.0,5350.78125,1.0,N/A,N/A,1.0,1.0
MSS3_ED_095,y,1.0,1.0,55.086,M,0.0,1014.08203125,0.0,0.0,0.0,1.0,1.0
MSSA177,n,1.0,1.0,77.0,M,1.0,50392.96875,N/A,N/A,0.0,1.0,1.0
LBC360967,n,1.0,2.0,73.6109589041096,M,0.0,42633.0,1.0,N/A,N/A,1.0,2.0
LBC360504,y,1.0,2.0,72.87945205479453,M,1.0,7624.0,0.0,N/A,N/A,1.0,2.0
LBC360928,n,2.0,2.0,72.83561643835617,F,1.0,50497.0,0.0,N/A,N/A,2.0,2.0
LBC360802,y,2.0,2.0,73.17534246575343,M,1.0,6611.0,1.0,N/A,N/A,2.0,2.0
LBC360144,y,1.0,1.0,71.74520547945205,M,0.0,0.0,0.0,N/A,0.0,1.0,1.0
LBC361203,y,1.0,2.0,73.69589041095891,F,1.0,845.0,0.0,N/A,N/A,1.0,2.0
MSS3_ED_190,y,1.0,2.0,52.323,M,1.0,1411.962890625,1.0,0.0,0.0,1.0,2.0
MSSA059,n,3.0,1.0,75.0,M,1.0,24556.640625,N/A,N/A,0.0,3.0,1.0
LBC361189,y,2.0,2.0,73.2986301369863,M,1.0,9734.0,0.0,N/A,N/A,2.0,2.0
MSSB257,y,2.0,3.0,63.86584531143051,M,1.0,17323.527723670006,1.0,0.0,0.0,2.0,3.0
LBC360537,n,1.0,1.0,72.66027397260274,M,0.0,6203.0,0.0,N/A,N/A,1.0,1.0
MSS3_ED_019,y,2.0,1.0,73.703,M,1.0,6562.251779556274,1.0,0.0,0.0,2.0,1.0
LBC361269,y,2.0,3.0,74.2,F,0.0,29162.0,0.0,N/A,N/A,2.0,3.0
LBC360031,n,2.0,2.0,71.56438356164384,M,0.0,1663.0,1.0,N/A,N/A,2.0,2.0
MSS3_ED_005,y,2.0,2.0,71.047,M,0.0,12855.556876659391,1.0,1.0,0.0,2.0,2.0
LBC360002,y,1.0,1.0,71.18630136986302,M,0.0,3534.0,0.0,N/A,N/A,1.0,1.0
LBC360405,y,2.0,3.0,72.08493150684932,M,1.0,10049.0,0.0,N/A,N/A,2.0,3.0
MSSA231,n,2.0,2.0,50.0,F,1.0,75596.484375,1.0,N/A,1.0,2.0,2.0
LBC361227,y,1.0,2.0,73.89041095890411,M,1.0,5262.0,0.0,N/A,0.0,1.0,2.0
MSSA204,n,1.0,1.0,61.0,F,1.0,1501.171875,N/A,N/A,0.0,1.0,1.0
LBC360271,y,1.0,1.0,72.18630136986302,M,1.0,13548.0,0.0,N/A,N/A,1.0,1.0
MSSA182,n,1.0,1.0,57.0,M,1.0,11496.09375,N/A,N/A,1.0,1.0,1.0
MSS3_ED_094,y,1.0,2.0,53.262,M,1.0,1970.419921875,1.0,0.0,0.0,1.0,2.0
LBC360017,y,1.0,1.0,71.6054794520548,M,0.0,7135.0,0.0,N/A,0.0,1.0,1.0
MSS3_ED_087,y,2.0,3.0,72.682,M,1.0,16360.576171875,1.0,1.0,0.0,2.0,3.0
LBC360283,y,2.0,3.0,72.30410958904109,M,1.0,5738.0,0.0,N/A,N/A,2.0,3.0
LBC360511,n,3.0,3.0,72.62465753424658,F,0.0,18974.0,1.0,N/A,N/A,3.0,3.0
MSSB006,y,4.0,2.0,67.12936344969201,F,0.0,N/A,1.0,1.0,0.0,3.0,2.0
MSS3_ED_107,y,1.0,4.0,83.756,F,1.0,20083.095703125,1.0,1.0,1.0,1.0,3.0
LBC361249,y,2.0,1.0,73.13150684931507,M,0.0,8408.0,1.0,N/A,N/A,2.0,1.0
LBC360628,y,1.0,1.0,73.0958904109589,F,0.0,5330.0,0.0,N/A,N/A,1.0,1.0
MSS3_ED_096,y,1.0,2.0,68.036,M,0.0,2643.57421875,1.0,0.0,0.0,1.0,2.0
MSSB037,y,3.0,3.0,87.26899383983574,M,1.0,N/A,1.0,0.0,1.0,3.0,3.0
MSSA105,n,1.0,1.0,61.0,M,1.0,2714.074095726013,N/A,N/A,N/A,1.0,1.0
MSSB210,n,1.0,1.0,80.30663928815879,F,0.0,6275.535036563873,1.0,0.0,0.0,1.0,1.0
LBC360494,y,2.0,3.0,72.84931506849315,M,1.0,14294.0,0.0,N/A,N/A,2.0,3.0
LBC360290,y,2.0,4.0,71.96438356164384,F,1.0,2561.0,0.0,N/A,N/A,2.0,3.0
LBC360048,y,2.0,3.0,71.23835616438356,F,1.0,4111.0,0.0,N/A,0.0,2.0,3.0
LBC360564,y,2.0,2.0,72.59178082191781,F,0.0,19336.0,0.0,N/A,N/A,2.0,2.0
MSSB227,y,2.0,4.0,63.49075975359344,F,0.0,39470.495611310005,1.0,0.0,0.0,2.0,3.0
MSS3_ED_149,y,3.0,2.0,71.291,M,1.0,23530.341796875,1.0,1.0,0.0,3.0,2.0
MSS3_ED_148,y,3.0,3.0,81.947,F,1.0,70538.818359375,1.0,1.0,0.0,3.0,3.0
LBC360463,y,1.0,2.0,72.74246575342465,M,1.0,4635.0,0.0,N/A,N/A,1.0,2.0
MSS3_ED_156,y,1.0,1.0,55.469,M,0.0,13290.64453125,1.0,0.0,0.0,1.0,1.0
LBC360861,y,1.0,2.0,73.56164383561644,M,0.0,7073.0,0.0,N/A,N/A,1.0,2.0
LBC360132,y,1.0,3.0,72.30410958904109,F,1.0,6321.0,0.0,N/A,N/A,1.0,3.0
LBC360254,n,4.0,1.0,72.26849315068493,F,0.0,36930.0,0.0,N/A,N/A,3.0,1.0
LBC360705,y,1.0,1.0,72.55616438356165,M,0.0,5013.0,0.0,N/A,N/A,1.0,1.0
MSS3_ED_028,y,3.0,4.0,70.155,M,1.0,4223.240059375763,1.0,1.0,0.0,3.0,3.0
MSSA028,n,4.0,2.0,85.0,F,1.0,101928.515625,1.0,N/A,1.0,3.0,2.0
LBC360412,y,1.0,1.0,72.53150684931506,M,0.0,1088.0,0.0,N/A,N/A,1.0,1.0
LBC360387,y,2.0,3.0,72.42739726027398,F,1.0,12038.0,1.0,N/A,N/A,2.0,3.0
LBC361082,y,2.0,3.0,73.88767123287671,F,0.0,9728.0,0.0,N/A,N/A,2.0,3.0
LBC360026,y,1.0,1.0,71.34794520547945,F,0.0,390.0,0.0,N/A,N/A,1.0,1.0
LBC361110,y,1.0,2.0,73.41643835616438,F,0.0,20205.0,0.0,N/A,N/A,1.0,2.0
MSSB131,y,1.0,1.0,57.169062286105394,M,0.0,3529.610619544983,1.0,1.0,0.0,1.0,1.0
MSS3_ED_171,y,1.0,3.0,81.766,M,1.0,30212.841796875,1.0,0.0,0.0,1.0,3.0
LBC360172,n,1.0,1.0,72.48493150684932,M,1.0,3887.0,0.0,N/A,N/A,1.0,1.0
LBC360733,y,1.0,2.0,73.16712328767123,M,1.0,3096.0,0.0,N/A,N/A,1.0,2.0
LBC361278,y,1.0,2.0,73.87123287671233,M,1.0,0.0,0.0,N/A,N/A,1.0,2.0
MSS3_ED_222,y,1.0,1.0,52.079,M,1.0,3694.04296875,1.0,0.0,0.0,1.0,1.0
MSSB191,y,1.0,1.0,67.85763175906914,M,1.0,12030.613951683044,1.0,0.0,0.0,1.0,1.0
MSSA040,n,2.0,2.0,77.0,F,1.0,15732.27037191391,1.0,N/A,0.0,2.0,2.0
LBC360662,n,1.0,2.0,72.26849315068493,M,0.0,8252.0,1.0,N/A,N/A,1.0,2.0
MSS3_ED_131,y,1.0,1.0,73.511,M,0.0,1223.701171875,1.0,0.0,0.0,1.0,1.0
MSSB165,y,2.0,4.0,59.58110882956879,F,1.0,11324.690308570862,1.0,0.0,0.0,2.0,3.0
LBC360032,y,2.0,2.0,71.83835616438355,M,1.0,2275.0,1.0,N/A,N/A,2.0,2.0
MSSA092,n,1.0,1.0,65.0,F,1.0,4735.546875,N/A,N/A,N/A,1.0,1.0
MSSB329,y,1.0,1.0,59.41409993155374,F,1.0,9914.34968662262,1.0,0.0,1.0,1.0,1.0
MSSB003,y,1.0,3.0,60.77207392197124,F,1.0,N/A,1.0,0.0,0.0,1.0,3.0
LBC360643,y,1.0,1.0,73.27945205479452,M,0.0,8438.0,0.0,N/A,N/A,1.0,1.0
LBC360248,y,1.0,2.0,72.11506849315069,M,0.0,3693.0,0.0,N/A,N/A,1.0,2.0
MSSB035,y,2.0,1.0,72.7939767282683,F,1.0,N/A,1.0,0.0,0.0,2.0,1.0
LBC360678,y,1.0,3.0,72.33972602739726,F,1.0,2423.0,0.0,N/A,N/A,1.0,3.0
LBC360887,y,1.0,2.0,72.6027397260274,F,0.0,6268.0,0.0,N/A,N/A,1.0,2.0
MSSB307,y,3.0,3.0,77.32785763175906,M,1.0,N/A,1.0,1.0,0.0,3.0,3.0
MSSB034,y,0.0,0.0,56.4599589322382,M,1.0,N/A,0.0,0.0,0.0,1.0,1.0
MSSA090,n,4.0,4.0,75.0,M,1.0,26532.421875,1.0,N/A,N/A,3.0,3.0
LBC361104,y,1.0,3.0,73.4931506849315,M,1.0,26652.0,0.0,N/A,N/A,1.0,3.0
LBC360840,y,1.0,2.0,73.14246575342466,M,0.0,10002.0,0.0,N/A,N/A,1.0,2.0
LBC360185,y,2.0,3.0,72.35616438356165,F,1.0,8156.0,0.0,N/A,N/A,2.0,3.0
LBC361183,y,1.0,2.0,73.73972602739725,M,0.0,22516.0,1.0,N/A,N/A,1.0,2.0
LBC360801,y,2.0,2.0,72.57260273972602,M,0.0,5185.0,1.0,N/A,N/A,2.0,2.0
LBC361122,y,1.0,2.0,73.86301369863014,F,1.0,1778.0,0.0,N/A,N/A,1.0,2.0
LBC360804,n,2.0,3.0,73.14520547945206,M,1.0,18465.0,0.0,N/A,N/A,2.0,3.0
LBC360894,n,2.0,1.0,72.77534246575343,F,1.0,34332.0,0.0,N/A,N/A,2.0,1.0
LBC360536,y,1.0,2.0,73.01095890410959,M,1.0,3266.0,0.0,N/A,N/A,1.0,2.0
MSS3_ED_123,y,2.0,3.0,57.128,M,0.0,14832.333984375,1.0,1.0,1.0,2.0,3.0
MSS3_ED_049,y,1.0,1.0,82.79,F,1.0,6102.665773332119,0.0,0.0,0.0,1.0,1.0
MSSB240,y,1.0,2.0,71.89322381930187,M,1.0,N/A,N/A,0.0,0.0,1.0,2.0
LBC360313,y,1.0,1.0,72.07671232876713,F,0.0,4704.0,0.0,N/A,0.0,1.0,1.0
LBC360415,y,1.0,1.0,72.2904109589041,F,0.0,3581.0,0.0,N/A,N/A,1.0,1.0
LBC360527,n,1.0,3.0,71.93972602739726,M,0.0,2034.0,0.0,N/A,N/A,1.0,3.0
MSSA086,n,1.0,1.0,69.0,M,1.0,1560.9375,N/A,N/A,N/A,1.0,1.0
MSS3_ED_112,y,2.0,4.0,80.326,F,1.0,46662.01171875,0.0,1.0,0.0,2.0,3.0
LBC360744,y,2.0,3.0,72.9945205479452,M,0.0,7599.0,0.0,N/A,N/A,2.0,3.0
LBC360966,y,1.0,1.0,73.64931506849315,F,1.0,12329.0,0.0,N/A,N/A,1.0,1.0
MSSB175,y,1.0,2.0,34.3025325119781,F,1.0,399.3250368833542,1.0,0.0,0.0,1.0,2.0
LBC360509,y,1.0,1.0,72.63013698630137,F,0.0,3503.0,0.0,N/A,N/A,1.0,1.0
MSS3_ED_210,y,1.0,1.0,55.444,M,0.0,1959.345703125,0.0,0.0,0.0,1.0,1.0
MSSB202,y,2.0,2.0,81.19644079397675,F,1.0,N/A,N/A,0.0,0.0,2.0,2.0
LBC360700,n,1.0,1.0,73.38630136986302,M,0.0,0.0,0.0,N/A,N/A,1.0,1.0
MSS3_ED_166,y,1.0,1.0,60.75,M,0.0,28596.796875,1.0,1.0,1.0,1.0,1.0
LBC361032,n,2.0,3.0,73.77260273972603,M,0.0,9795.0,0.0,N/A,N/A,2.0,3.0
LBC360951,y,2.0,3.0,73.24383561643836,F,1.0,7394.0,0.0,N/A,N/A,2.0,3.0
LBC360435,n,3.0,2.0,72.38630136986302,M,0.0,3806.0,0.0,N/A,N/A,3.0,2.0
LBC360022,y,2.0,3.0,71.6,F,1.0,4211.0,0.0,N/A,N/A,2.0,3.0
LBC360448,n,2.0,2.0,73.35890410958905,F,1.0,47900.0,1.0,N/A,N/A,2.0,2.0
LBC360091,n,1.0,2.0,72.34794520547945,M,1.0,28461.0,0.0,N/A,N/A,1.0,2.0
LBC360485,y,1.0,3.0,72.28767123287672,F,0.0,4072.0,0.0,N/A,N/A,1.0,3.0
MSSB109,y,2.0,1.0,55.04449007529091,M,1.0,11076.42055273056,1.0,0.0,0.0,2.0,1.0
LBC360484,y,2.0,4.0,72.07397260273973,F,0.0,6588.0,0.0,N/A,N/A,2.0,3.0
MSS3_ED_169,y,1.0,2.0,60.49,F,1.0,6453.896484375,1.0,0.0,0.0,1.0,2.0
LBC361083,y,1.0,1.0,73.81917808219178,M,0.0,3362.0,0.0,N/A,N/A,1.0,1.0
LBC360475,n,2.0,2.0,72.01917808219179,F,0.0,8469.0,0.0,N/A,N/A,2.0,2.0
LBC361156,n,2.0,2.0,73.1013698630137,M,1.0,33229.0,0.0,N/A,N/A,2.0,2.0
LBC360141,n,1.0,2.0,72.11232876712329,M,1.0,11693.0,0.0,N/A,N/A,1.0,2.0
MSSB331,y,4.0,3.0,82.52703627652295,M,1.0,111334.28683269024,1.0,1.0,1.0,3.0,3.0
LBC360763,y,2.0,3.0,73.26849315068493,F,1.0,9987.0,0.0,N/A,N/A,2.0,3.0
LBC361010,y,1.0,1.0,73.77260273972603,F,1.0,138.0,0.0,N/A,N/A,1.0,1.0
LBC360108,y,1.0,2.0,72.18630136986302,M,0.0,18082.0,1.0,N/A,N/A,1.0,2.0
MSS3_ED_191,y,1.0,3.0,81.385,F,0.0,23209.98046875,0.0,0.0,0.0,1.0,3.0
LBC360945,y,1.0,2.0,73.68219178082192,F,1.0,4903.0,0.0,N/A,N/A,1.0,2.0
MSS3_ED_073,y,4.0,3.0,77.027,M,1.0,37444.306640625,1.0,1.0,1.0,3.0,3.0
MSSB253,y,1.0,2.0,83.24435318275151,M,1.0,N/A,1.0,1.0,0.0,1.0,2.0
LBC360461,y,1.0,3.0,72.78630136986301,F,1.0,7227.0,0.0,N/A,N/A,1.0,3.0
LBC360879,n,2.0,3.0,73.44657534246575,F,1.0,27187.0,0.0,N/A,N/A,2.0,3.0
LBC360670,y,1.0,2.0,72.75616438356164,M,0.0,2791.0,0.0,N/A,N/A,1.0,2.0
LBC361197,n,2.0,2.0,73.82465753424657,M,0.0,10403.0,1.0,N/A,N/A,2.0,2.0
MSSA131,n,1.0,1.0,71.0,M,0.0,4398.018838405609,1.0,N/A,0.0,1.0,1.0
MSSB262,y,1.0,0.0,55.73990417522246,F,1.0,N/A,N/A,0.0,1.0,1.0,1.0
MSSB061,y,3.0,2.0,96.87337440109516,F,1.0,N/A,0.0,0.0,1.0,3.0,2.0
MSS3_ED_020,y,2.0,2.0,76.025,M,1.0,21832.983490109444,1.0,1.0,0.0,2.0,2.0
MSSA197,n,2.0,3.0,73.0,M,0.0,4373.526181221008,1.0,N/A,N/A,2.0,3.0
LBC361283,y,1.0,2.0,73.06301369863014,M,0.0,1358.0,0.0,N/A,0.0,1.0,2.0
MSSA049,n,3.0,3.0,50.0,M,1.0,23987.109375,1.0,N/A,0.0,3.0,3.0
MSS3_ED_023,y,1.0,2.0,63.8,F,1.0,5534.741749823093,N/A,0.0,0.0,1.0,2.0
LBC360913,y,1.0,2.0,72.88767123287671,M,1.0,28341.0,0.0,N/A,N/A,1.0,2.0
MSSB194,y,3.0,3.0,73.2375085557837,F,0.0,N/A,0.0,0.0,0.0,3.0,3.0
MSSB179,y,1.0,3.0,79.92881587953457,M,1.0,21041.63308811188,1.0,0.0,0.0,1.0,3.0
MSS3_ED_129,y,1.0,1.0,76.26,M,1.0,18014.58984375,1.0,0.0,1.0,1.0,1.0
MSSA193,n,1.0,1.0,52.0,M,0.0,1525.7779388427734,N/A,N/A,N/A,1.0,1.0
LBC360292,y,1.0,2.0,71.75342465753425,M,1.0,3516.0,0.0,N/A,N/A,1.0,2.0
LBC361198,n,2.0,2.0,73.44109589041096,F,1.0,9205.0,0.0,N/A,N/A,2.0,2.0
LBC360434,y,1.0,1.0,71.75068493150685,F,0.0,14300.0,1.0,N/A,N/A,1.0,1.0
MSS3_ED_177,y,1.0,1.0,43.707,F,1.0,6683.291015625,1.0,1.0,0.0,1.0,1.0
LBC360241,y,1.0,1.0,72.96986301369863,F,0.0,16694.0,0.0,N/A,N/A,1.0,1.0
MSS3_ED_144,y,2.0,3.0,54.322,M,1.0,3749.4140625,1.0,1.0,0.0,2.0,3.0
LBC360145,y,1.0,2.0,71.46575342465754,M,0.0,13896.0,0.0,N/A,N/A,1.0,2.0
MSSA209,n,1.0,3.0,56.0,M,1.0,6289.426253557205,1.0,N/A,N/A,1.0,3.0
MSS3_ED_126,y,2.0,3.0,80.405,M,0.0,17421.328125,1.0,0.0,0.0,2.0,3.0
LBC360660,y,2.0,3.0,72.31232876712329,M,0.0,15562.0,1.0,N/A,N/A,2.0,3.0
MSSA116,n,3.0,2.0,74.0,M,1.0,18513.28125,1.0,N/A,0.0,3.0,2.0
LBC361126,n,1.0,2.0,73.44657534246575,M,1.0,30228.0,0.0,N/A,N/A,1.0,2.0
MSS3_ED_163,y,3.0,2.0,70.672,F,1.0,27982.96875,1.0,1.0,1.0,3.0,2.0
MSS3_ED_124,y,1.0,1.0,56.517,M,1.0,9224.82421875,1.0,0.0,0.0,1.0,1.0
MSSB064,y,1.0,2.0,51.93429158110884,F,1.0,N/A,N/A,1.0,0.0,1.0,2.0
LBC361124,y,1.0,2.0,73.52876712328766,F,0.0,3960.0,0.0,N/A,N/A,1.0,2.0
LBC361285,y,1.0,2.0,73.43835616438356,M,1.0,3713.0,0.0,N/A,N/A,1.0,2.0
MSS3_ED_083,y,1.0,2.0,52.986,F,1.0,1627.91015625,1.0,1.0,0.0,1.0,2.0
MSSA211,n,1.0,2.0,71.0,F,1.0,2882.8125,N/A,N/A,N/A,1.0,2.0
MSSA175,n,3.0,3.0,70.0,M,0.0,77403.515625,N/A,N/A,N/A,3.0,3.0
LBC361096,y,2.0,3.0,73.59178082191781,F,0.0,14858.0,1.0,N/A,N/A,2.0,3.0
MSSA185,n,1.0,1.0,49.0,M,0.0,3779.296875,N/A,N/A,0.0,1.0,1.0
LBC360620,n,3.0,2.0,72.64931506849315,M,0.0,13142.0,0.0,N/A,N/A,3.0,2.0
MSS3_ED_045,y,3.0,2.0,54.037,F,1.0,6548.020436048508,1.0,1.0,1.0,3.0,2.0
LBC360407,y,1.0,1.0,72.14794520547945,M,1.0,34042.0,0.0,N/A,N/A,1.0,1.0
MSS3_ED_121,y,2.0,3.0,70.847,F,1.0,14506.435546875,1.0,1.0,0.0,2.0,3.0
MSSA056,n,1.0,1.0,56.0,M,1.0,411.33735823631287,1.0,N/A,N/A,1.0,1.0
LBC360376,y,1.0,2.0,73.06575342465753,F,1.0,3074.0,0.0,N/A,N/A,1.0,2.0
MSS3_ED_040,y,1.0,2.0,69.892,F,1.0,8014.518375873566,1.0,0.0,0.0,1.0,2.0
MSS3_ED_101,y,2.0,2.0,68.827,M,1.0,9971.54296875,1.0,1.0,0.0,2.0,2.0
MSSB161,y,3.0,4.0,68.8952772073922,F,1.0,N/A,1.0,1.0,0.0,3.0,3.0
MSSB013,y,3.0,2.0,57.64544832306639,M,1.0,N/A,1.0,1.0,1.0,3.0,2.0
LBC360547,y,1.0,1.0,72.9972602739726,M,1.0,4470.0,0.0,N/A,N/A,1.0,1.0
LBC360277,y,2.0,3.0,72.07397260273973,F,1.0,3806.0,0.0,N/A,N/A,2.0,3.0
LBC361157,y,1.0,2.0,73.86575342465754,F,0.0,1940.0,0.0,N/A,N/A,1.0,2.0
MSSB255,y,1.0,1.0,63.77823408624231,F,1.0,N/A,0.0,0.0,0.0,1.0,1.0
LBC360871,y,3.0,1.0,73.07123287671233,M,0.0,12334.0,0.0,N/A,N/A,3.0,1.0
MSSB066,y,3.0,3.0,79.2662559890486,F,1.0,N/A,N/A,0.0,0.0,3.0,3.0
LBC360221,y,2.0,3.0,73.23835616438356,F,1.0,4420.0,0.0,N/A,N/A,2.0,3.0
LBC361046,n,3.0,2.0,73.34794520547945,F,0.0,15234.0,0.0,N/A,N/A,3.0,2.0
LBC360202,n,3.0,2.0,71.8027397260274,M,1.0,25047.0,1.0,N/A,N/A,3.0,2.0
MSSB242,y,2.0,4.0,52.1943874058864,M,1.0,5050.6500062942505,1.0,0.0,0.0,2.0,3.0
LBC361022,y,1.0,2.0,73.76712328767124,F,1.0,12703.0,0.0,N/A,N/A,1.0,2.0
LBC360074,n,1.0,2.0,71.26575342465753,M,0.0,2590.0,0.0,N/A,N/A,1.0,2.0
LBC360324,y,1.0,1.0,71.78904109589041,F,0.0,2430.0,0.0,N/A,N/A,1.0,1.0
LBC360498,y,1.0,1.0,72.4,M,0.0,2276.0,0.0,N/A,N/A,1.0,1.0
MSS3_ED_084,y,2.0,3.0,63.028,M,1.0,3367.353515625,1.0,0.0,0.0,2.0,3.0
LBC360944,y,2.0,2.0,73.04109589041096,M,0.0,15654.0,0.0,N/A,N/A,2.0,2.0
LBC360234,y,2.0,2.0,71.87945205479453,F,0.0,3244.0,0.0,N/A,N/A,2.0,2.0
MSS3_ED_189,y,2.0,2.0,85.665,F,1.0,7954.453125,1.0,0.0,0.0,2.0,2.0
MSS3_ED_173,y,1.0,2.0,51.97,M,1.0,5058.544921875,1.0,0.0,0.0,1.0,2.0
LBC360085,y,1.0,2.0,71.3013698630137,M,0.0,4498.0,0.0,N/A,N/A,1.0,2.0
MSSB200,y,3.0,3.0,63.373032169746736,M,1.0,16509.957186698914,1.0,0.0,0.0,3.0,3.0
MSSA032,n,1.0,3.0,73.0,M,1.0,58524.609375,1.0,N/A,N/A,1.0,3.0
LBC360782,y,1.0,1.0,73.04657534246576,M,1.0,4161.0,0.0,N/A,N/A,1.0,1.0
LBC361077,y,1.0,3.0,73.1945205479452,M,0.0,23290.0,0.0,N/A,N/A,1.0,3.0
MSSB207,y,3.0,4.0,64.27652292950035,M,1.0,29720.615020751957,1.0,1.0,0.0,3.0,3.0
MSS3_ED_104,y,1.0,1.0,40.214,M,0.0,1052.841796875,1.0,1.0,0.0,1.0,1.0
LBC361236,y,1.0,3.0,73.74246575342465,F,1.0,1904.0,0.0,N/A,N/A,1.0,3.0
MSS3_ED_218,y,1.0,2.0,44.23,M,1.0,2068.505859375,1.0,1.0,0.0,1.0,2.0
MSS3_ED_103,y,2.0,1.0,73.969,M,0.0,11892.919921875,1.0,1.0,0.0,2.0,1.0
LBC360107,y,1.0,2.0,71.83013698630137,M,0.0,1474.0,0.0,N/A,N/A,1.0,2.0
LBC360146,y,2.0,3.0,72.17260273972603,M,1.0,9383.0,0.0,N/A,0.0,2.0,3.0
LBC360118,y,2.0,2.0,71.99178082191781,M,1.0,4562.0,0.0,N/A,N/A,2.0,2.0
LBC360069,y,1.0,1.0,71.4876712328767,M,0.0,1857.0,0.0,N/A,N/A,1.0,1.0
LBC361073,y,2.0,2.0,73.5123287671233,M,1.0,15657.0,0.0,N/A,N/A,2.0,2.0
MSSA176,n,1.0,3.0,78.0,M,0.0,10167.1875,1.0,N/A,N/A,1.0,3.0
LBC360061,n,2.0,2.0,71.9972602739726,M,1.0,11971.0,0.0,N/A,N/A,2.0,2.0
MSSA180,n,1.0,1.0,64.0,M,1.0,11130.46875,1.0,N/A,N/A,1.0,1.0
MSS3_ED_226,y,1.0,2.0,68.89,M,1.0,2993.994140625,1.0,0.0,0.0,1.0,2.0
LBC361030,y,2.0,2.0,72.82739726027397,F,1.0,34801.0,0.0,N/A,N/A,2.0,2.0
MSS3_ED_221,y,2.0,3.0,62.39,M,0.0,23838.046875,1.0,0.0,0.0,2.0,3.0
MSS3_ED_196,y,1.0,2.0,73.834,M,1.0,42214.921875,1.0,0.0,1.0,1.0,2.0
MSS3_ED_175,y,1.0,1.0,41.903,M,0.0,2656.23046875,1.0,0.0,0.0,1.0,1.0
LBC360119,y,1.0,1.0,72.0958904109589,M,1.0,2548.0,0.0,N/A,N/A,1.0,1.0
MSSB246,y,3.0,4.0,39.56741957563312,M,1.0,N/A,1.0,1.0,1.0,3.0,3.0
MSSA120,n,2.0,2.0,92.0,M,0.0,25910.514707565308,1.0,N/A,0.0,2.0,2.0
LBC360155,y,1.0,2.0,71.45479452054795,M,0.0,4044.0,0.0,N/A,0.0,1.0,2.0
MSS3_ED_111,y,1.0,1.0,62.634,F,0.0,1941.15234375,1.0,0.0,0.0,1.0,1.0
LBC360588,y,2.0,3.0,72.93972602739726,F,1.0,16911.0,0.0,N/A,N/A,2.0,3.0
LBC361179,y,1.0,1.0,73.74520547945205,F,0.0,50.0,0.0,N/A,N/A,1.0,1.0
LBC360627,y,2.0,2.0,72.85479452054794,M,1.0,16194.0,0.0,N/A,N/A,2.0,2.0
LBC360367,y,1.0,1.0,71.84657534246575,M,0.0,32781.0,0.0,N/A,N/A,1.0,1.0
MSSB012,y,1.0,3.0,67.80835044490074,M,1.0,N/A,1.0,0.0,0.0,1.0,3.0
LBC360971,y,2.0,3.0,72.72602739726027,F,0.0,14236.0,0.0,N/A,N/A,2.0,3.0
MSSB009,y,2.0,3.0,75.1978097193703,F,1.0,N/A,1.0,0.0,0.0,2.0,3.0
MSSB010,y,3.0,4.0,68.00547570157424,M,1.0,N/A,1.0,1.0,1.0,3.0,3.0
MSSA088,n,2.0,2.0,91.0,F,1.0,52369.14066314697,1.0,N/A,0.0,2.0,2.0
LBC360213,n,2.0,2.0,72.48493150684932,F,1.0,6380.0,0.0,N/A,N/A,2.0,2.0
LBC360263,y,1.0,2.0,72.08493150684932,F,0.0,9080.0,0.0,N/A,N/A,1.0,2.0
LBC360783,n,3.0,3.0,73.02191780821917,M,1.0,5867.0,0.0,N/A,N/A,3.0,3.0
LBC360995,y,1.0,2.0,72.86027397260274,F,1.0,15631.0,0.0,N/A,0.0,1.0,2.0
MSS3_ED_229,y,1.0,1.0,49.303,M,0.0,2407.8515625,1.0,1.0,0.0,1.0,1.0
MSSB322,y,1.0,1.0,73.63175906913075,F,1.0,38777.98441314697,1.0,0.0,0.0,1.0,1.0
MSS3_ED_085,y,2.0,3.0,79.754,F,0.0,4785.64453125,1.0,1.0,0.0,2.0,3.0
MSS3_ED_192,y,2.0,2.0,76.55,F,1.0,4206.62109375,1.0,0.0,0.0,2.0,2.0
MSSB198,y,1.0,0.0,57.59890485968515,M,1.0,N/A,0.0,0.0,0.0,1.0,1.0
LBC360083,y,2.0,2.0,71.9013698630137,F,0.0,14964.0,0.0,N/A,N/A,2.0,2.0
LBC360015,n,1.0,2.0,72.10958904109589,F,0.0,5162.0,0.0,N/A,N/A,1.0,2.0
MSSA054,n,1.0,1.0,76.0,M,1.0,5624.969863891602,1.0,N/A,N/A,1.0,1.0
LBC360689,y,1.0,2.0,72.57534246575342,M,0.0,952.0,1.0,N/A,N/A,1.0,2.0
MSSB023,y,1.0,1.0,62.537987679671474,M,0.0,N/A,0.0,0.0,0.0,1.0,1.0
MSSB168,y,1.0,1.0,47.31279945242984,F,1.0,N/A,N/A,0.0,0.0,1.0,1.0
LBC360947,n,2.0,3.0,72.73424657534247,M,1.0,20710.0,0.0,N/A,N/A,2.0,3.0
LBC360532,y,1.0,2.0,72.23287671232876,F,0.0,2050.0,0.0,N/A,N/A,1.0,2.0
MSS3_ED_165,y,3.0,3.0,77.999,M,1.0,91617.802734375,1.0,1.0,0.0,3.0,3.0
LBC360842,y,1.0,2.0,73.92602739726027,M,1.0,3587.0,0.0,N/A,N/A,1.0,2.0
LBC360865,y,1.0,2.0,72.53150684931506,F,0.0,2951.0,0.0,N/A,N/A,1.0,2.0
MSSB132,y,3.0,2.0,87.67967145790554,M,1.0,N/A,1.0,0.0,1.0,3.0,2.0
LBC360752,y,1.0,2.0,73.18082191780822,M,1.0,458.0,1.0,N/A,0.0,1.0,2.0
LBC361170,y,2.0,2.0,73.03013698630137,F,1.0,16232.0,0.0,N/A,N/A,2.0,2.0
LBC360649,y,1.0,2.0,73.78904109589041,F,1.0,2283.0,0.0,N/A,N/A,1.0,2.0
MSSA241,n,1.0,2.0,72.0,M,1.0,3445.3125,1.0,N/A,N/A,1.0,2.0
MSS3_ED_199,y,2.0,2.0,56.832,F,1.0,10268.96484375,1.0,1.0,0.0,2.0,2.0
LBC360602,y,2.0,2.0,72.28219178082192,F,0.0,2497.0,0.0,N/A,N/A,2.0,2.0
LBC360868,y,2.0,2.0,73.51506849315068,F,0.0,7473.0,0.0,N/A,N/A,2.0,2.0
MSS3_ED_158,y,1.0,1.0,49.555,M,1.0,1848.603515625,1.0,0.0,0.0,1.0,1.0
LBC360111,y,1.0,3.0,71.78082191780823,M,0.0,0.0,0.0,N/A,N/A,1.0,3.0
MSS3_ED_230,y,1.0,2.0,53.955,M,1.0,2530.458984375,0.0,0.0,0.0,1.0,2.0
LBC361049,y,1.0,2.0,72.92876712328767,M,0.0,16545.0,1.0,N/A,N/A,1.0,2.0
LBC361000,n,1.0,2.0,74.12876712328767,F,0.0,6970.0,0.0,N/A,N/A,1.0,2.0
LBC360237,y,1.0,2.0,72.2,F,0.0,20311.0,1.0,N/A,0.0,1.0,2.0
MSSB107,y,2.0,2.0,80.39972621492127,M,1.0,N/A,N/A,0.0,0.0,2.0,2.0
MSSB308,y,4.0,3.0,86.32169746748801,F,1.0,52458.20292830467,0.0,1.0,0.0,3.0,3.0
MSSB324,y,1.0,1.0,49.28131416837783,F,1.0,146.56905555725098,1.0,0.0,0.0,1.0,1.0
LBC361063,n,2.0,2.0,73.76164383561644,M,0.0,16727.0,0.0,N/A,N/A,2.0,2.0
MSSA155,n,1.0,3.0,58.0,F,1.0,18819.140625,1.0,N/A,N/A,1.0,3.0
MSS3_ED_013,y,3.0,4.0,59.258,M,1.0,44084.80640912056,1.0,1.0,1.0,3.0,3.0
MSSB074,y,4.0,2.0,71.71800136892539,M,1.0,N/A,N/A,0.0,0.0,3.0,2.0
MSS3_ED_102,y,3.0,2.0,68.435,M,0.0,7199.82421875,1.0,1.0,0.0,3.0,2.0
LBC360831,y,1.0,2.0,72.98082191780821,M,1.0,986.0,0.0,N/A,N/A,1.0,2.0
LBC360636,n,2.0,2.0,72.71232876712328,M,1.0,9420.0,0.0,N/A,N/A,2.0,2.0
MSSB213,y,1.0,2.0,67.39767282683096,M,1.0,3598.424176454544,1.0,0.0,0.0,1.0,2.0
LBC361173,y,1.0,2.0,73.33424657534246,M,0.0,4952.0,1.0,N/A,N/A,1.0,2.0
LBC360542,n,2.0,2.0,72.18630136986302,M,0.0,34236.0,0.0,N/A,N/A,2.0,2.0
LBC360336,y,2.0,3.0,72.30684931506849,F,0.0,10977.0,0.0,N/A,0.0,2.0,3.0
LBC361040,y,1.0,1.0,74.10958904109589,F,0.0,1285.0,0.0,N/A,N/A,1.0,1.0
LBC360963,y,1.0,1.0,73.40821917808219,F,0.0,32.0,0.0,N/A,N/A,1.0,1.0
MSSA192,n,0.0,1.0,63.0,M,0.0,2049.609375,1.0,N/A,0.0,1.0,1.0
LBC360316,y,2.0,3.0,71.98082191780821,F,0.0,6322.0,0.0,N/A,N/A,2.0,3.0
LBC360204,y,1.0,2.0,72.01643835616439,F,0.0,2908.0,1.0,N/A,N/A,1.0,2.0
LBC360709,y,1.0,1.0,72.87123287671233,F,0.0,2126.0,0.0,N/A,N/A,1.0,1.0
MSSB298,y,2.0,3.0,55.55920602327174,M,1.0,40822.38532483578,1.0,1.0,1.0,2.0,3.0
LBC361280,y,2.0,3.0,73.4986301369863,M,1.0,21686.0,1.0,N/A,N/A,2.0,3.0
MSS3_ED_075,y,1.0,2.0,50.658,F,1.0,5329.86328125,1.0,1.0,1.0,1.0,2.0
MSS3_ED_188,y,3.0,4.0,78.097,M,1.0,26217.421875,1.0,1.0,1.0,3.0,3.0
LBC360268,y,2.0,2.0,71.61917808219178,F,1.0,506.0,0.0,N/A,N/A,2.0,2.0
MSSB312,y,1.0,0.0,34.7460643394935,F,1.0,N/A,N/A,0.0,0.0,1.0,1.0
MSSB263,y,4.0,3.0,83.89322381930187,F,1.0,96364.45983695984,1.0,0.0,1.0,3.0,3.0
LBC360304,y,2.0,2.0,72.33424657534246,F,0.0,10333.0,0.0,N/A,N/A,2.0,2.0
MSSB209,y,N/A,N/A,N/A,N/A,1.0,N/A,0.0,N/A,N/A,N/A,N/A
VALDO1_101,y,N/A,N/A,N/A,N/A,N/A,N/A,N/A,N/A,N/A,N/A,N/A
VALDO1_102,y,N/A,N/A,N/A,N/A,N/A,N/A,N/A,N/A,N/A,N/A,N/A
VALDO1_103,y,N/A,N/A,N/A,N/A,N/A,N/A,N/A,N/A,N/A,N/A,N/A
VALDO1_104,y,N/A,N/A,N/A,N/A,N/A,N/A,N/A,N/A,N/A,N/A,N/A
VALDO1_105,y,N/A,N/A,N/A,N/A,N/A,N/A,N/A,N/A,N/A,N/A,N/A
VALDO1_106,y,N/A,N/A,N/A,N/A,N/A,N/A,N/A,N/A,N/A,N/A,N/A
