subject,general white matter,general grey matter,general csf,cerebellum,brainstem,thalamus,putamen+pallidum,hippocampus+amygdala
LBC360007_T1w,0.8894,0.7885,0.9130,0.9131,0.9181,0.8851,0.9266,0.8987
LBC360015_T1w,0.8763,0.7871,0.8435,0.8904,0.8992,0.8624,0.9356,0.8996
LBC360023_T1w,0.8669,0.7903,0.8247,0.9109,0.9223,0.8577,0.9103,0.8898
LBC360031_T1w,0.8659,0.7698,0.9188,0.8963,0.8975,0.8642,0.8905,0.8593
LBC360041_T1w,0.8643,0.7783,0.9106,0.8781,0.8910,0.8759,0.9117,0.8557
LBC360042_T1w,0.8607,0.7885,0.9391,0.8971,0.9206,0.8749,0.8883,0.8540
LBC360043_T1w,0.8875,0.7806,0.8897,0.8878,0.8959,0.8850,0.9188,0.8667
LBC360059_T1w,0.8622,0.7693,0.8916,0.8779,0.8940,0.8715,0.9036,0.8676
LBC360061_T1w,0.8855,0.7939,0.8844,0.8877,0.8845,0.8881,0.9160,0.8932
LBC360070_T1w,0.8803,0.7961,0.8311,0.8882,0.9004,0.8592,0.9335,0.8817
LBC360074_T1w,0.8698,0.7854,0.9238,0.8974,0.9036,0.8586,0.8847,0.8519
LBC360082_T1w,0.8691,0.7684,0.9199,0.8956,0.9030,0.8785,0.9305,0.8709
LBC360091_T1w,0.8455,0.7671,0.9139,0.8830,0.8894,0.8689,0.8698,0.8498
LBC360092_T1w,0.8637,0.7920,0.9439,0.9101,0.8964,0.8836,0.9151,0.8430
LBC360100_T1w,0.8557,0.7679,0.9143,0.9142,0.9023,0.8791,0.9141,0.8682
LBC360106_T1w,0.8662,0.7747,0.9213,0.8825,0.9120,0.8872,0.9162,0.8544
LBC360137_T1w,0.8514,0.7606,0.8651,0.8825,0.8921,0.8666,0.9083,0.8897
LBC360139_T1w,0.8772,0.7765,0.8957,0.8952,0.8936,0.8700,0.8983,0.8696
LBC360141_T1w,0.8631,0.7685,0.8648,0.9131,0.8930,0.8632,0.9060,0.8755
LBC360151_T1w,0.8779,0.7941,0.9131,0.9254,0.9098,0.8774,0.9104,0.8749
LBC360167_T1w,0.8694,0.7798,0.9109,0.8736,0.8846,0.9031,0.9323,0.8728
LBC360172_T1w,0.8759,0.7894,0.8631,0.8774,0.8957,0.8759,0.9300,0.8872
LBC360178_T1w,0.8660,0.7863,0.8484,0.8957,0.8854,0.8689,0.9542,0.8817
LBC360188_T1w,0.8753,0.7913,0.8988,0.9057,0.9143,0.8936,0.9374,0.9009
LBC360189_T1w,0.8641,0.7776,0.9188,0.8963,0.9139,0.8710,0.8900,0.8486
LBC360195_T1w,0.8677,0.7857,0.8878,0.9022,0.8953,0.8676,0.9126,0.8595
LBC360196_T1w,0.8597,0.7895,0.8623,0.8941,0.8814,0.8572,0.9231,0.8805
LBC360199_T1w,0.8708,0.7658,0.8780,0.8899,0.8870,0.8807,0.9281,0.8594
LBC360202_T1w,0.8718,0.7859,0.8574,0.8979,0.8934,0.8749,0.9306,0.8666
LBC360205_T1w,0.8608,0.7987,0.9058,0.8947,0.8921,0.8671,0.8821,0.8746
LBC360208_T1w,0.8824,0.7925,0.8838,0.8768,0.9146,0.8733,0.9192,0.8607
LBC360213_T1w,0.8396,0.7823,0.8687,0.8883,0.9094,0.8798,0.9777,0.8904
LBC360254_T1w,0.8380,0.7404,0.9217,0.8918,0.8857,0.8804,0.8976,0.8392
LBC360257_T1w,0.8486,0.7452,0.8754,0.9029,0.9018,0.8548,0.8896,0.8490
LBC360267_T1w,0.8366,0.7675,0.9062,0.8693,0.9006,0.8510,0.8909,0.8467
LBC360270_T1w,0.8424,0.7669,0.9155,0.8946,0.9012,0.8846,0.9325,0.8478
LBC360273_T1w,0.8764,0.7948,0.8575,0.8740,0.9143,0.8676,0.9339,0.8958
LBC360275_T1w,0.8632,0.7917,0.8742,0.8739,0.8769,0.8715,0.9140,0.8885
LBC360286_T1w,0.8564,0.7748,0.8910,0.8874,0.8867,0.8813,0.9153,0.8761
LBC360312_T1w,0.8382,0.7517,0.8993,0.8822,0.8817,0.8711,0.8987,0.8568
LBC360333_T1w,0.8614,0.7696,0.9273,0.9029,0.8828,0.8488,0.8906,0.8649
LBC360342_T1w,0.8313,0.7539,0.9091,0.9185,0.9119,0.8551,0.8818,0.8338
LBC360343_T1w,0.8425,0.7948,0.8269,0.9070,0.8617,0.8696,0.8938,0.8635
LBC360348_T1w,0.8864,0.7982,0.9320,0.8974,0.8986,0.8806,0.9258,0.8724
LBC360349_T1w,0.8584,0.7682,0.9020,0.9012,0.9043,0.8679,0.8833,0.8568
LBC360370_T1w,0.8263,0.7584,0.8806,0.9075,0.8949,0.8433,0.8713,0.8219
LBC360394_T1w,0.8966,0.8029,0.9640,0.9036,0.9122,0.8707,0.8833,0.8545
LBC360395_T1w,0.8862,0.8052,0.9060,0.8815,0.8864,0.8514,0.9052,0.8176
LBC360414_T1w,0.8688,0.7756,0.8875,0.9084,0.8983,0.8463,0.8843,0.8573
LBC360418_T1w,0.8597,0.7806,0.8784,0.8907,0.8850,0.8660,0.9121,0.8561
LBC360420_T1w,0.8688,0.7601,0.8981,0.8725,0.9002,0.8632,0.8827,0.8476
LBC360426_T1w,0.8795,0.7842,0.9276,0.8697,0.8969,0.8955,0.9512,0.8928
LBC360431_T1w,0.8548,0.7490,0.8854,0.8721,0.8835,0.8730,0.9027,0.8612
LBC360435_T1w,0.8640,0.7668,0.8723,0.8904,0.8976,0.8724,0.9163,0.8737
LBC360439_T1w,0.8679,0.8034,0.9426,0.9097,0.8971,0.8848,0.9069,0.8716
LBC360442_T1w,0.8705,0.7673,0.9225,0.8797,0.8986,0.8764,0.9042,0.8530
LBC360444_T1w,0.8824,0.7999,0.9060,0.9333,0.9171,0.8776,0.9163,0.8796
LBC360448_T1w,0.8498,0.7598,0.9178,0.8773,0.8727,0.8743,0.9567,0.8434
LBC360467_T1w,0.8551,0.7453,0.9000,0.9030,0.8868,0.8900,0.9304,0.9042
LBC360468_T1w,0.8322,0.7567,0.8873,0.8937,0.8993,0.8709,0.9146,0.8718
LBC360469_T1w,0.8784,0.7848,0.9105,0.9197,0.9178,0.8887,0.9229,0.8810
LBC360474_T1w,0.8643,0.7677,0.8455,0.9117,0.8880,0.8520,0.9125,0.8451
LBC360475_T1w,0.8498,0.7619,0.9069,0.8732,0.8853,0.8452,0.8850,0.8071
LBC360483_T1w,0.8375,0.7576,0.8925,0.8905,0.8944,0.8723,0.9054,0.8593
LBC360508_T1w,0.8566,0.7814,0.9257,0.8870,0.8916,0.8537,0.8862,0.8508
LBC360511_T1w,0.8438,0.7450,0.8250,0.8589,0.8846,0.8800,0.9350,0.8803
LBC360527_T1w,0.8645,0.7957,0.9078,0.8693,0.8807,0.8715,0.8865,0.8704
LBC360537_T1w,0.8506,0.7923,0.9312,0.9190,0.9224,0.8739,0.9222,0.8663
LBC360542_T1w,0.8311,0.7257,0.8779,0.8957,0.8734,0.8433,0.8628,0.7973
LBC360558_T1w,0.8702,0.7921,0.8916,0.8999,0.9011,0.8644,0.9281,0.8695
LBC360562_T1w,0.8848,0.7742,0.8798,0.8929,0.9224,0.8954,0.9267,0.8781
LBC360572_T1w,0.8366,0.7285,0.9256,0.8872,0.9025,0.8767,0.8912,0.8344
LBC360598_T1w,0.8558,0.7827,0.9137,0.9120,0.9282,0.8858,0.9208,0.8783
LBC360600_T1w,0.8590,0.7770,0.9163,0.8768,0.9019,0.8783,0.9203,0.8887
LBC360604_T1w,0.8639,0.7810,0.8905,0.8738,0.8861,0.8589,0.9012,0.8592
LBC360605_T1w,0.8231,0.7224,0.8919,0.8775,0.8737,0.8735,0.9063,0.8414
LBC360613_T1w,0.8562,0.7943,0.9200,0.8747,0.8860,0.8740,0.9163,0.8516
LBC360620_T1w,0.8575,0.7708,0.8983,0.8695,0.8912,0.8558,0.9052,0.8514
LBC360622_T1w,0.8720,0.8007,0.9134,0.8911,0.9033,0.8805,0.9062,0.8464
LBC360623_T1w,0.8202,0.7527,0.7948,0.8264,0.8698,0.8374,0.8643,0.8450
LBC360636_T1w,0.8655,0.7730,0.8960,0.8895,0.9002,0.8574,0.9010,0.8619
LBC360654_T1w,0.8625,0.7894,0.9207,0.9253,0.9073,0.8798,0.9221,0.8947
LBC360655_T1w,0.8657,0.7794,0.9157,0.8952,0.8926,0.8523,0.8750,0.8412
LBC360657_T1w,0.8454,0.7807,0.8831,0.8964,0.8702,0.8495,0.9274,0.8401
LBC360662_T1w,0.8310,0.7605,0.8814,0.9053,0.9262,0.8873,0.8847,0.8594
LBC360666_T1w,0.8694,0.7886,0.8823,0.8983,0.8928,0.8842,0.9294,0.8912
LBC360674_T1w,0.8743,0.7791,0.8768,0.8824,0.9016,0.8748,0.9113,0.8718
LBC360677_T1w,0.8499,0.7818,0.8906,0.9106,0.9083,0.8801,0.9254,0.8893
LBC360695_T1w,0.8577,0.7638,0.9160,0.8788,0.9123,0.8618,0.8993,0.8553
LBC360697_T1w,0.8353,0.7379,0.9338,0.8835,0.9187,0.8629,0.8864,0.8261
LBC360698_T1w,0.8696,0.7753,0.8941,0.8838,0.9121,0.8688,0.8928,0.8651
LBC360700_T1w,0.8099,0.7268,0.9029,0.8964,0.9027,0.8380,0.8454,0.7781
LBC360710_T1w,0.8486,0.7812,0.9305,0.9074,0.8936,0.8717,0.9148,0.8772
LBC360718_T1w,0.8703,0.7966,0.8439,0.8943,0.9131,0.8819,0.9374,0.8969
LBC360722_T1w,0.8519,0.7644,0.9087,0.9124,0.9043,0.8781,0.9209,0.8735
LBC360726_T1w,0.8611,0.7728,0.8989,0.9126,0.9049,0.8893,0.9345,0.8781
LBC360728_T1w,0.8693,0.7809,0.8243,0.8632,0.8799,0.8588,0.8932,0.8934
LBC360730_T1w,0.8464,0.7713,0.9036,0.9200,0.9164,0.8777,0.9006,0.8592
LBC360731_T1w,0.8454,0.7723,0.8703,0.8921,0.8686,0.8593,0.9022,0.8786
LBC360761_T1w,0.8773,0.7944,0.8455,0.9183,0.9127,0.8623,0.9308,0.8937
LBC360767_T1w,0.8538,0.7729,0.9099,0.9019,0.9143,0.8698,0.9190,0.8633
LBC360770_T1w,0.8617,0.7693,0.9128,0.9068,0.9054,0.8825,0.8878,0.8746
LBC360773_T1w,0.8667,0.7661,0.9099,0.9134,0.8911,0.8725,0.8949,0.8562
LBC360778_T1w,0.8538,0.7658,0.9176,0.8930,0.9247,0.8980,0.9040,0.8700
LBC360783_T1w,0.8782,0.7794,0.8469,0.8934,0.8923,0.8733,0.9094,0.8825
LBC360786_T1w,0.8667,0.7793,0.8932,0.9181,0.9003,0.8706,0.9245,0.8867
LBC360799_T1w,0.8684,0.7568,0.8805,0.8621,0.9019,0.8998,0.9528,0.9000
LBC360804_T1w,0.8707,0.7988,0.9011,0.9106,0.9074,0.8901,0.9258,0.8717
LBC360812_T1w,0.8502,0.7665,0.8808,0.8796,0.8981,0.8779,0.9321,0.8700
LBC360827_T1w,0.8589,0.7764,0.8920,0.8976,0.8765,0.8460,0.9068,0.8741
LBC360835_T1w,0.8694,0.7715,0.8937,0.8777,0.8939,0.8603,0.8860,0.8738
LBC360879_T1w,0.8788,0.7861,0.8638,0.8904,0.9071,0.8728,0.9375,0.8896
LBC360880_T1w,0.8332,0.7672,0.9039,0.9111,0.9136,0.8715,0.9057,0.8673
LBC360891_T1w,0.8727,0.7908,0.8498,0.8816,0.8616,0.8410,0.9156,0.8895
LBC360894_T1w,0.8655,0.7783,0.8986,0.8899,0.8924,0.8944,0.9445,0.8802
LBC360903_T1w,0.8651,0.7801,0.8542,0.9042,0.9122,0.8555,0.8949,0.8890
LBC360905_T1w,0.8539,0.7940,0.9090,0.9175,0.9112,0.8806,0.9159,0.8646
LBC360914_T1w,0.8972,0.8045,0.8354,0.8776,0.8863,0.8650,0.9116,0.8875
LBC360925_T1w,0.8688,0.7826,0.9230,0.9033,0.9237,0.8854,0.9083,0.8664
LBC360926_T1w,0.8701,0.7925,0.9030,0.9020,0.9170,0.8813,0.9253,0.8920
LBC360928_T1w,0.8627,0.7775,0.9167,0.8976,0.9119,0.8877,0.9106,0.8594
LBC360940_T1w,0.8610,0.7583,0.9079,0.8915,0.8939,0.8640,0.8887,0.8273
LBC360947_T1w,0.8606,0.7719,0.8599,0.9098,0.8985,0.8702,0.9231,0.8679
LBC360950_T1w,0.8644,0.7774,0.8819,0.8987,0.9113,0.8680,0.9218,0.8644
LBC360965_T1w,0.8745,0.7877,0.8929,0.8781,0.8867,0.8699,0.9089,0.8488
LBC360967_T1w,0.8523,0.7687,0.9157,0.8751,0.8770,0.8870,0.9233,0.8632
LBC360987_T1w,0.8464,0.7782,0.9125,0.9151,0.9103,0.8966,0.9283,0.8875
LBC360993_T1w,0.8744,0.7891,0.9000,0.8803,0.9078,0.8675,0.9084,0.8783
LBC361000_T1w,0.8507,0.7849,0.8773,0.8947,0.8968,0.8773,0.9165,0.8747
LBC361009_T1w,0.8491,0.7682,0.9313,0.8864,0.8790,0.8382,0.8917,0.8260
LBC361017_T1w,0.8758,0.7863,0.9056,0.9042,0.8732,0.8849,0.9300,0.8527
LBC361023_T1w,0.8127,0.7283,0.8836,0.8891,0.8813,0.8272,0.8505,0.7374
LBC361032_T1w,0.8692,0.7749,0.8834,0.8948,0.9038,0.8746,0.9317,0.9081
LBC361046_T1w,0.8209,0.7541,0.8880,0.8889,0.8933,0.8721,0.9228,0.8679
LBC361060_T1w,0.8362,0.7611,0.8817,0.8918,0.9049,0.8701,0.9231,0.8342
LBC361062_T1w,0.8605,0.7621,0.9190,0.9015,0.8942,0.8637,0.8986,0.8675
LBC361063_T1w,0.8742,0.7914,0.8757,0.8768,0.8851,0.8790,0.9323,0.8611
LBC361068_T1w,0.8235,0.7457,0.9023,0.9163,0.8984,0.8745,0.8845,0.8405
LBC361079_T1w,0.8546,0.7799,0.8833,0.9252,0.8908,0.8675,0.9191,0.8584
LBC361080_T1w,0.8865,0.7953,0.9067,0.9270,0.9122,0.9079,0.9287,0.8958
LBC361097_T1w,0.8438,0.7813,0.9157,0.9260,0.9307,0.8745,0.9295,0.8769
LBC361111_T1w,0.8570,0.7717,0.9072,0.8992,0.9049,0.8674,0.9018,0.8540
LBC361119_T1w,0.8456,0.7645,0.9058,0.8272,0.8864,0.8771,0.9301,0.8725
LBC361123_T1w,0.8695,0.7693,0.8821,0.8805,0.8763,0.8688,0.9228,0.8586
LBC361126_T1w,0.8822,0.7983,0.8474,0.9014,0.8902,0.8719,0.9021,0.8919
LBC361138_T1w,0.8674,0.8008,0.8993,0.9103,0.9013,0.8754,0.9219,0.8844
LBC361143_T1w,0.8828,0.7896,0.9001,0.8904,0.9059,0.8678,0.9122,0.8630
LBC361152_T1w,0.8484,0.7675,0.8957,0.9152,0.8984,0.8580,0.8885,0.8599
LBC361153_T1w,0.8762,0.7856,0.8903,0.8890,0.8918,0.8791,0.9082,0.8726
LBC361156_T1w,0.8658,0.7653,0.8679,0.8929,0.8932,0.8687,0.9204,0.8796
LBC361164_T1w,0.8907,0.7986,0.8559,0.9018,0.8845,0.8513,0.9176,0.8891
LBC361169_T1w,0.8445,0.7729,0.9000,0.8823,0.8934,0.8515,0.8788,0.8560
LBC361197_T1w,0.8276,0.7458,0.8977,0.8898,0.9121,0.8437,0.8547,0.7892
LBC361198_T1w,0.8334,0.7566,0.8892,0.9247,0.8837,0.8709,0.9067,0.8443
LBC361213_T1w,0.8692,0.7868,0.9130,0.8816,0.8957,0.8700,0.9160,0.8783
LBC361232_T1w,0.8681,0.7931,0.8752,0.8672,0.8762,0.8646,0.9002,0.8800
LBC361238_T1w,0.8888,0.8032,0.8587,0.8916,0.9055,0.8787,0.9011,0.8939
LBC361239_T1w,0.8535,0.7858,0.9089,0.9157,0.9131,0.8845,0.9266,0.8736
LBC361286_T1w,0.8628,0.7838,0.9090,0.8906,0.8901,0.8820,0.9105,0.8885
LBC361288_T1w,0.8769,0.7894,0.8941,0.8963,0.9182,0.8812,0.9298,0.8950
LBC361300_T1w,0.8394,0.7888,0.9055,0.8956,0.8925,0.8884,0.9109,0.8711
MSSA028_T1w,0.8419,0.7173,0.8833,0.7940,0.8418,0.8793,0.9425,0.8536
MSSA032_T1w,0.8319,0.7078,0.8674,0.8515,0.8517,0.8452,0.8944,0.7951
MSSA033_T1w,0.8558,0.7211,0.8478,0.8227,0.8420,0.8633,0.8960,0.8517
MSSA034_T1w,0.8254,0.7138,0.8686,0.8850,0.9138,0.8564,0.8623,0.8246
MSSA035_T1w,0.8517,0.7475,0.7726,0.8750,0.8829,0.8700,0.9030,0.8716
MSSA040_T1w,0.8181,0.6926,0.8943,0.8673,0.8620,0.8361,0.8616,0.8103
MSSA043_T1w,0.8379,0.6934,0.9134,0.5951,0.8173,0.8492,0.8867,0.8224
MSSA044_T1w,0.8584,0.7276,0.8633,0.7830,0.8526,0.8810,0.9233,0.8590
MSSA046_T1w,0.8594,0.7435,0.8028,0.8225,0.8384,0.8691,0.9168,0.8993
MSSA048_T1w,0.8474,0.7242,0.8920,0.7297,0.8361,0.8741,0.8995,0.8464
MSSA049_T1w,0.8456,0.7374,0.8952,0.8127,0.8436,0.8601,0.9083,0.8570
MSSA050_T1w,0.8729,0.7416,0.7818,0.5162,0.7365,0.8657,0.9243,0.8708
MSSA051_T1w,0.8592,0.7337,0.8323,0.8498,0.8775,0.8707,0.9082,0.8669
MSSA054_T1w,0.8418,0.7066,0.8814,0.7820,0.8109,0.8454,0.8718,0.8561
MSSA056_T1w,0.8287,0.7355,0.7565,0.8719,0.8865,0.8550,0.9070,0.8688
MSSA059_T1w,0.8404,0.7080,0.8748,0.7778,0.8545,0.8846,0.8856,0.8280
MSSA060_T1w,0.8322,0.7247,0.8613,0.8615,0.8547,0.8520,0.8906,0.8605
MSSA062_T1w,0.8511,0.7179,0.8787,0.8326,0.8598,0.8691,0.8694,0.8395
MSSA066_T1w,0.8106,0.7153,0.8061,0.9088,0.9035,0.8438,0.8599,0.8365
MSSA072_T1w,0.8541,0.7404,0.7065,0.8548,0.8504,0.8740,0.9353,0.8866
MSSA075_T1w,0.8137,0.6451,0.9134,0.7429,0.8095,0.8395,0.8389,0.7875
MSSA077_T1w,0.8363,0.7147,0.8891,0.8111,0.8404,0.8645,0.8962,0.8386
MSSA079_T1w,0.8524,0.7504,0.9137,0.8145,0.8593,0.8755,0.8919,0.8605
MSSA081_T1w,0.7980,0.6656,0.8981,0.8591,0.8597,0.8379,0.8413,0.7797
MSSA086_T1w,0.8314,0.7120,0.9021,0.7370,0.8227,0.8635,0.8828,0.8570
MSSA088_T1w,0.8285,0.7135,0.9035,0.8625,0.8688,0.8563,0.8711,0.8140
MSSA090_T1w,0.8237,0.7070,0.8863,0.7977,0.8316,0.8592,0.8356,0.8133
MSSA091_T1w,0.8510,0.7460,0.8182,0.8631,0.8581,0.8699,0.9017,0.8794
MSSA092_T1w,0.8335,0.7301,0.8881,0.8691,0.8814,0.8670,0.8992,0.8540
MSSA095_T1w,0.8550,0.7559,0.8333,0.9028,0.8811,0.8562,0.8986,0.8776
MSSA096_T1w,0.8420,0.7291,0.8830,0.8263,0.8412,0.8669,0.8963,0.8678
MSSA097_T1w,0.8394,0.7318,0.8707,0.8351,0.8629,0.8690,0.8955,0.8426
MSSA102_T1w,0.8584,0.7349,0.7500,0.8095,0.8201,0.8695,0.9156,0.8777
MSSA105_T1w,0.8445,0.7200,0.8878,0.7048,0.7863,0.8579,0.8798,0.8369
MSSA106_T1w,0.8499,0.7484,0.7824,0.8813,0.8718,0.8639,0.8821,0.8464
MSSA107_T1w,0.8233,0.7195,0.9119,0.8402,0.8784,0.8626,0.8631,0.8449
MSSA108_T1w,0.8650,0.7263,0.7895,0.8234,0.8488,0.8751,0.9045,0.8809
MSSA110_T1w,0.8438,0.7356,0.8442,0.8387,0.8557,0.8605,0.8987,0.8517
MSSA111_T1w,0.8286,0.6931,0.8877,0.7771,0.8252,0.8324,0.8596,0.8141
MSSA114_T1w,0.8364,0.7124,0.8921,0.8705,0.8744,0.8682,0.9079,0.8440
MSSA116_T1w,0.8289,0.7450,0.8762,0.8543,0.8812,0.8594,0.8620,0.8222
MSSA117_T1w,0.8392,0.7030,0.8997,0.7691,0.8465,0.8632,0.8731,0.8090
MSSA120_T1w,0.8073,0.7021,0.9100,0.7982,0.8234,0.8327,0.8005,0.7801
MSSA131_T1w,0.8289,0.7004,0.8699,0.7600,0.8222,0.8483,0.8522,0.8208
MSSA132_T1w,0.8357,0.7200,0.9026,0.8508,0.8532,0.8715,0.8954,0.8504
MSSA133_T1w,0.8209,0.7068,0.9056,0.8107,0.8430,0.8549,0.8800,0.8205
MSSA135_T1w,0.8164,0.7141,0.8982,0.8370,0.8625,0.8423,0.8591,0.8220
MSSA136_T1w,0.8482,0.7258,0.8576,0.8908,0.8908,0.8722,0.8813,0.8529
MSSA138_T1w,0.8580,0.7318,0.8965,0.8067,0.8683,0.8824,0.9143,0.8341
MSSA140_T1w,0.8407,0.7358,0.8462,0.8417,0.8660,0.8744,0.8765,0.8627
MSSA151_T1w,0.8248,0.6973,0.9084,0.8322,0.8391,0.8547,0.8878,0.8581
MSSA154_T1w,0.8376,0.7094,0.8744,0.6985,0.8159,0.8672,0.8910,0.8385
MSSA155_T1w,0.8600,0.7471,0.8197,0.8632,0.8560,0.8639,0.8829,0.8599
MSSA162_T1w,0.8338,0.7123,0.8802,0.7518,0.8259,0.8610,0.8644,0.8090
MSSA167_T1w,0.8258,0.7072,0.9130,0.7003,0.8353,0.8888,0.9066,0.8453
MSSA168_T1w,0.8416,0.6964,0.8998,0.7146,0.8426,0.8864,0.9031,0.8255
MSSA171_T1w,0.8028,0.6643,0.9041,0.6870,0.8087,0.8061,0.8468,0.7822
MSSA172_T1w,0.8571,0.7204,0.8313,0.6948,0.7929,0.8672,0.9102,0.8679
MSSA173_T1w,0.8520,0.7467,0.7518,0.8463,0.8478,0.8599,0.9068,0.8756
MSSA175_T1w,0.8396,0.7218,0.8785,0.8355,0.8624,0.8598,0.8591,0.8489
MSSA176_T1w,0.8261,0.7109,0.8925,0.7464,0.8245,0.8311,0.8452,0.8085
MSSA177_T1w,0.8182,0.6713,0.9092,0.8171,0.8535,0.8407,0.8578,0.7655
MSSA178_T1w,0.8158,0.7042,0.9289,0.7082,0.8085,0.8449,0.8723,0.7912
MSSA179_T1w,0.8349,0.7175,0.8556,0.8105,0.8378,0.8741,0.8824,0.8589
MSSA180_T1w,0.8151,0.7010,0.8822,0.8652,0.8834,0.8473,0.8282,0.8136
MSSA182_T1w,0.8679,0.7362,0.8422,0.7535,0.8196,0.8868,0.9190,0.8913
MSSA185_T1w,0.8510,0.7210,0.8355,0.8188,0.8572,0.8669,0.8972,0.8595
MSSA192_T1w,0.8232,0.6976,0.8876,0.6668,0.8220,0.8664,0.8890,0.8273
MSSA193_T1w,0.8507,0.7307,0.7470,0.7991,0.8427,0.8689,0.9193,0.8839
MSSA197_T1w,0.8178,0.7008,0.8837,0.8050,0.8306,0.8466,0.8765,0.8042
MSSA199_T1w,0.8526,0.7563,0.8338,0.8611,0.8568,0.8689,0.8834,0.8659
MSSA201_T1w,0.8347,0.7203,0.8997,0.8827,0.8862,0.8625,0.8854,0.8431
MSSA202_T1w,0.8525,0.7620,0.7733,0.8549,0.8471,0.8479,0.8947,0.8849
MSSA204_T1w,0.8557,0.7482,0.8880,0.8491,0.8703,0.8861,0.9243,0.8772
MSSA206_T1w,0.8431,0.7317,0.8771,0.8812,0.8764,0.8391,0.8810,0.8560
MSSA207_T1w,0.8334,0.7410,0.6958,0.8493,0.8510,0.8395,0.8917,0.8649
MSSA209_T1w,0.8413,0.7318,0.8892,0.7476,0.8039,0.8670,0.8817,0.8684
MSSA211_T1w,0.8430,0.7325,0.8584,0.8058,0.8568,0.8574,0.9029,0.8395
MSSA212_T1w,0.8528,0.7434,0.8066,0.8415,0.8534,0.8696,0.9244,0.8834
MSSA214_T1w,0.8336,0.7139,0.8906,0.8500,0.8538,0.8499,0.8631,0.8385
MSSA218_T1w,0.8440,0.7064,0.8718,0.5838,0.7912,0.8601,0.8984,0.8360
MSSA221_T1w,0.8434,0.7174,0.8855,0.8553,0.8595,0.8688,0.8686,0.8421
MSSA224_T1w,0.8359,0.7145,0.8672,0.8342,0.8664,0.8564,0.8750,0.8519
MSSA225_T1w,0.8221,0.7247,0.8191,0.9013,0.9138,0.8595,0.8729,0.8686
MSSA226_T1w,0.8569,0.7226,0.7590,0.7544,0.8049,0.8457,0.9231,0.8671
MSSA227_T1w,0.8318,0.7018,0.8928,0.7552,0.8054,0.8552,0.8774,0.8585
MSSA230_T1w,0.8519,0.7375,0.8601,0.8580,0.8761,0.8671,0.8815,0.8604
MSSA231_T1w,0.8517,0.7312,0.7537,0.8680,0.8670,0.8570,0.8976,0.8651
MSSA232_T1w,0.8446,0.7097,0.8963,0.6775,0.8432,0.8603,0.8690,0.8265
MSSA233_T1w,0.8364,0.7250,0.8771,0.8178,0.8455,0.8479,0.8776,0.8521
MSSA234_T1w,0.8176,0.6976,0.9127,0.7281,0.8368,0.8521,0.8827,0.8307
MSSA241_T1w,0.8386,0.7042,0.8931,0.8219,0.8702,0.8727,0.8666,0.8357
MSSA255_T1w,0.8483,0.7312,0.8489,0.7801,0.8446,0.8829,0.9168,0.8431
MSSB021_T1w,0.8465,0.7677,0.8971,0.9056,0.8886,0.8731,0.9096,0.8518
MSSB210_T1w,0.8412,0.7695,0.8887,0.9051,0.9242,0.8960,0.9334,0.8946
